ID,Name,Beschreibung,CannaWorld-Teil,Domäne/Kategorie,Empfänger/Rolle,Delivery-Typ,Input → Output,Beleg-Quelle,Reifegrad,AIHF-Bezug,Status
DR-001,"GACP Readiness Preparation Program — M1: Initial Inspection, Diagnostic & Gap Assessment",On-site visit to Thai cultivation facility (Bangkok region); compliance readiness diagnostic against GACP criteria; first gap assessment with priority ranking; action-plan foundation; SOP/hygiene/training requirement mapping; facility-flow review; traceability exposure review; application-readiness review; digital infrastructure concept,Gateway,Quality/GxP,Thai cannabis cultivator / operator,menschlich,Farm/facility access + client documents → gap assessment report + action-plan foundation + M1 deliverable pack,Cannaworld_Service_Framework_v2 (1Nvj1MGUTpACFxjTt99OJqNCBU_k6EdHH9xI_o0umllA) §3.4 Milestone 1,Konzept,nein,BELEGT
DR-002,GACP Readiness Preparation Program — M2: Digital Infrastructure & Hygiene/SOP Awareness,"Activation of Cannaworld digital data room; document matrix, evidence register, missing-document register, action tracker setup; data capture and harmonisation of fragmented records; first internal non-certified Hygiene & SOP Awareness Briefing with training documentation (attendance sheets, staff acknowledgements, digital training record)",Gateway,Quality/GxP,Thai cannabis cultivator / operator,menschlich,Client data/docs → structured digital data room + Awareness Briefing 1 record package,Cannaworld_Service_Framework_v2 (1Nvj1MGUTpACFxjTt99OJqNCBU_k6EdHH9xI_o0umllA) §3.4 Milestone 2,Konzept,nein,BELEGT
DR-003,"GACP Readiness Preparation Program — M3: SOP, Records, Traceability & Documentation Logic",SOP requirement mapping across cultivation/harvest/post-harvest/cleaning/hygiene/visitors/packaging/storage/traceability/complaints/deviations; record-keeping structure design; batch/lot data model; staff documentation logic; cleaning and pest-control record structure; second internal Awareness Briefing (Record-Keeping & Traceability); digital harmonisation upgrade,Gateway,Quality/GxP,Thai cannabis cultivator / operator,menschlich,"Existing farm workflows → SOP mapping, record structures, batch logic, Briefing 2 record package",Cannaworld_Service_Framework_v2 (1Nvj1MGUTpACFxjTt99OJqNCBU_k6EdHH9xI_o0umllA) §3.4 Milestone 3,Konzept,nein,BELEGT
DR-004,GACP Readiness Preparation Program — M4: Mock Audit & Deficiency List,"Mock inspection walkthrough simulating GACP-style readiness review: facility, process flow, hygiene logic, storage, packaging, post-harvest, evidence presentation; document/record review; staff and hygiene readiness check; traceability exposure check; prioritised deficiency list (critical/major/minor); mock audit management debriefing",Gateway,Quality/GxP,Thai cannabis cultivator / operator,menschlich,On-site audit → prioritised deficiency list + mock audit debriefing,Cannaworld_Service_Framework_v2 (1Nvj1MGUTpACFxjTt99OJqNCBU_k6EdHH9xI_o0umllA) §3.4 Milestone 4,Konzept,nein,BELEGT
DR-005,"GACP Readiness Preparation Program — M5: Final Report, Authority Coordination & Digital Handover","Final readiness report with compliance status, remaining gaps, completed items; final action plan; authority liaison and application coordination structure; application package review; final management readiness briefing; digital handover through Cannaworld platform; basic platform access during project plus two months post-M5",Gateway,Regulatory,Thai cannabis cultivator / operator,menschlich,Completed readiness work → final report + application-file structure + digital handover,Cannaworld_Service_Framework_v2 (1Nvj1MGUTpACFxjTt99OJqNCBU_k6EdHH9xI_o0umllA) §3.4 Milestone 5,Konzept,nein,BELEGT
DR-006,Digital Compliance Data Room — Basic (post-project monthly),"Read/write access to client's existing structured data: document matrix, evidence register, action tracker; export of own data; no active compliance management included",Gateway,Data/AI,Thai cannabis cultivator / operator,automatisiert,Client data upload → structured platform access + document matrix view,Cannaworld_Service_Framework_v2 (1Nvj1MGUTpACFxjTt99OJqNCBU_k6EdHH9xI_o0umllA) §4.2,im-Code,nein,BELEGT
DR-007,Digital Compliance Data Room — Compliance Data Management (monthly),"Basic data room plus monthly data review, action-tracker maintenance, missing-document follow-up, monthly compliance status report",Gateway,Data/AI,Thai cannabis cultivator / operator,menschlich,Ongoing client data → monthly status report + updated action tracker,Cannaworld_Service_Framework_v2 (1Nvj1MGUTpACFxjTt99OJqNCBU_k6EdHH9xI_o0umllA) §4.2,im-Code,nein,BELEGT
DR-008,Digital Compliance Data Room — Managed Compliance (monthly),"Compliance Data Management plus monthly remote spot check, CAPA follow-up, training-record maintenance, authority-window readiness monitoring",Gateway,Data/AI,Thai cannabis cultivator / operator,menschlich,Platform data + spot-check findings → managed compliance status + CAPA tracking,Cannaworld_Service_Framework_v2 (1Nvj1MGUTpACFxjTt99OJqNCBU_k6EdHH9xI_o0umllA) §4.2,im-Code,nein,BELEGT
DR-009,Digital Compliance Data Room — Enterprise / Multi-Site (monthly),"Managed Compliance extended to multi-site rollout, custom reporting, cross-supplier reporting for buyer-side use; by quotation",Gateway,Data/AI,Multi-site Thai cannabis operator / buyer,menschlich,Multi-site data → unified cross-site compliance reports + custom integrations,Cannaworld_Service_Framework_v2 (1Nvj1MGUTpACFxjTt99OJqNCBU_k6EdHH9xI_o0umllA) §4.2,Konzept,nein,BELEGT
DR-010,Training Documentation Setup,"One-off creation of training matrix, attendance sheet template, internal training record, staff acknowledgement form, confirmation-of-participation template, version control, digital filing structure on platform",Gateway,Education,Thai cannabis cultivator / operator,menschlich,Training requirements → complete training documentation system,Cannaworld_Service_Framework_v2 (1Nvj1MGUTpACFxjTt99OJqNCBU_k6EdHH9xI_o0umllA) §5.1,Konzept,nein,BELEGT
DR-011,Digital Training Material Package,"Creation of slide deck, handout, key rules, checklist, record examples; standard or custom scope; upload to Cannaworld platform",Gateway,Education,Thai cannabis cultivator / operator,AI-gestützt,Training topic brief → formatted training material set,Cannaworld_Service_Framework_v2 (1Nvj1MGUTpACFxjTt99OJqNCBU_k6EdHH9xI_o0umllA) §5.1,Konzept,nein,BELEGT
DR-012,Documented Digital Awareness Training Session,"60–90 minute internal non-certified remote training session with agenda, attendance, Q&A, training record, digital filing; output titled 'Internal Training Acknowledgement' or 'Confirmation of Participation'",Gateway,Education,Thai cannabis farm staff,menschlich,Training topic + staff list → session record + attendance + digital training acknowledgement,Cannaworld_Service_Framework_v2 (1Nvj1MGUTpACFxjTt99OJqNCBU_k6EdHH9xI_o0umllA) §5.1,Konzept,nein,BELEGT
DR-013,Documented On-Site Training,"On-site internal training covering hygiene walkthrough, SOP awareness, record-keeping, practical demonstration; half-day or full-day; attendance, photo evidence, training record; travel billed separately",Gateway,Education,Thai cannabis farm staff,menschlich,Farm location + staff + training scope → on-site session + photo evidence + training record,Cannaworld_Service_Framework_v2 (1Nvj1MGUTpACFxjTt99OJqNCBU_k6EdHH9xI_o0umllA) §5.1,Konzept,nein,BELEGT
DR-014,Quarterly On-Site Training Refresher,"Quarterly on-site refresher with practical compliance check, staff observation, record-quality review, corrective re-training notes; travel billed separately",Gateway,Education,Thai cannabis farm staff,menschlich,Prior training + current records → refresher session + compliance observation notes,Cannaworld_Service_Framework_v2 (1Nvj1MGUTpACFxjTt99OJqNCBU_k6EdHH9xI_o0umllA) §5.1,Konzept,nein,BELEGT
DR-015,Monthly Training Material Update,"Monthly micro-training, handout, checklist update, training-record support, digital publication on platform; basic or enhanced scope",Gateway,Education,Thai cannabis cultivator / operator,AI-gestützt,Updated regulatory/procedural input → monthly micro-training + updated checklist,Cannaworld_Service_Framework_v2 (1Nvj1MGUTpACFxjTt99OJqNCBU_k6EdHH9xI_o0umllA) §5.1,Konzept,nein,BELEGT
DR-016,Training Records Management (monthly),"Monthly maintenance of training matrix, attendance records, staff acknowledgements, version control, missing-training status tracking on platform",Gateway,Education,Thai cannabis cultivator / operator,menschlich,Training events + staff records → maintained training matrix + compliance-ready records,Cannaworld_Service_Framework_v2 (1Nvj1MGUTpACFxjTt99OJqNCBU_k6EdHH9xI_o0umllA) §5.1,Konzept,nein,BELEGT
DR-017,AI-Supported Training Content Desk (monthly),"AI-assisted creation of training materials, quizzes, SOP-based briefings, translations, micro-learnings, mock-audit questions; with human compliance review before release",Gateway,Education,Thai cannabis cultivator / operator,AI-gestützt,SOP/regulatory input → AI-drafted training content with human review sign-off,Cannaworld_Service_Framework_v2 (1Nvj1MGUTpACFxjTt99OJqNCBU_k6EdHH9xI_o0umllA) §5.1,Konzept,nein,BELEGT
DR-018,Supplier Onboarding & Initial Qualification,"Initial supplier review: company-document review, facility profile, compliance baseline, GACP-readiness gap review, traceability baseline, digital data-room setup, initial supplier scorecard, marketplace-access recommendation; results in one of the defined supplier status levels (Pending → Pre-Qualified → Compliance-Reviewed)",Marketplace,Quality/GxP,Thai cannabis supplier seeking B2B marketplace access,menschlich,Supplier documents + facility profile → initial scorecard + status designation + data-room setup,Cannaworld_Service_Framework_v2 (1Nvj1MGUTpACFxjTt99OJqNCBU_k6EdHH9xI_o0umllA) §6.2; also named 'Module F' in Green Chrono PDF (1YNIWlQQh2nzh6gvqaFTka8Z34dsLBjcN),Konzept,nein,BELEGT
DR-019,Semiannual Supplier Compliance Review,"Private supplier-qualification review for B2B marketplace and export-readiness access, conducted twice per year; covers facility status, documentation, training records, traceability records, batch/lot evidence, hygiene implementation, SOP availability, CAPA status, COA/lab evidence, supplier-risk scoring; size-dependent scope (small/mid/large farm); output: updated scorecard + status renewal",Marketplace,Trust/Audit,Compliance-Reviewed Supplier on Cannaworld marketplace,menschlich,Supplier data room + on-site or remote review → semiannual compliance report + updated risk scorecard,Cannaworld_Service_Framework_v2 (1Nvj1MGUTpACFxjTt99OJqNCBU_k6EdHH9xI_o0umllA) §6.2; also named 'Module E' in Green Chrono PDF (1YNIWlQQh2nzh6gvqaFTka8Z34dsLBjcN); 'Semiannual Supplier Compliance Audit' in Salus PDF (16dtAOFNOfGiNV0aYhGzfTijFwPBOCttv),Konzept,nein,BELEGT
DR-020,Third-Party Supplier Review (for upstream/downstream client),"Independent supplier-risk and compliance review of an upstream or downstream partner on behalf of a buyer or principal; document review, facility check, traceability review, hygiene/SOP evidence, batch-handling review, COA review, risk rating, written recommendation",Marketplace,Trust/Audit,EU buyer / importer commissioning review of their Thai supplier,menschlich,Buyer brief + supplier access → supplier audit report + risk rating + accept/conditional/reject recommendation,Cannaworld_Service_Framework_v2 (1Nvj1MGUTpACFxjTt99OJqNCBU_k6EdHH9xI_o0umllA) §6.2,Konzept,nein,BELEGT
DR-021,Supplier-Risk Scorecard Update (interim),"Off-cycle scorecard update following CAPA closure, change of facility, change of ownership, or major incident; updates supplier status without a full semiannual review",Marketplace,Trust/Audit,Active marketplace supplier,menschlich,Change event / CAPA closure evidence → updated scorecard + status flag,Cannaworld_Service_Framework_v2 (1Nvj1MGUTpACFxjTt99OJqNCBU_k6EdHH9xI_o0umllA) §6.2,Konzept,nein,BELEGT
DR-022,"B2B Marketplace — Supplier Profile (Basic, monthly)","Supplier-side marketplace access: digital data room, supplier profile page, document storage; no buyer-facing visibility; lowest marketplace tier",Marketplace,Platform/Identity,Thai cannabis supplier,automatisiert,Supplier onboarding data → hosted supplier profile + document storage,Cannaworld_Service_Framework_v2 (1Nvj1MGUTpACFxjTt99OJqNCBU_k6EdHH9xI_o0umllA) §7.1,im-Code,nein,BELEGT
DR-023,B2B Marketplace — Compliance-Reviewed Supplier Access (monthly),"Supplier profile with active action tracker, record storage, restricted buyer-facing visibility for Compliance-Reviewed Suppliers; includes Cannaworld status badge",Marketplace,Platform/Identity,Compliance-Reviewed Thai cannabis supplier,automatisiert,Compliance-Reviewed status + data room → active marketplace listing visible to vetted buyers,Cannaworld_Service_Framework_v2 (1Nvj1MGUTpACFxjTt99OJqNCBU_k6EdHH9xI_o0umllA) §7.1; also 'Verified Supplier Retainer' in Green Chrono PDF (1YNIWlQQh2nzh6gvqaFTka8Z34dsLBjcN),im-Code,nein,BELEGT
DR-024,B2B Marketplace — Export-Ready Supplier Access (monthly),"Compliance-Reviewed Supplier access plus buyer data room, traceability profile, COA/batch folders, buyer DD pack, Cannaworld support window; for Export-Ready status suppliers",Marketplace,Platform/Identity,Export-Ready Thai cannabis supplier,automatisiert,Export-Ready status + batch/COA data → full buyer-facing export data room + buyer DD pack,Cannaworld_Service_Framework_v2 (1Nvj1MGUTpACFxjTt99OJqNCBU_k6EdHH9xI_o0umllA) §7.1,Konzept,nein,BELEGT
DR-025,B2B Marketplace — Managed Export Supplier (monthly),Full cross-functional compliance management spanning Modules 2–8 with single Cannaworld point of contact for the supplier; highest supplier-side tier; by quotation,Marketplace,Platform/Identity,Large/strategic Thai cannabis supplier,menschlich,All compliance modules active → unified managed service with dedicated relationship manager,Cannaworld_Service_Framework_v2 (1Nvj1MGUTpACFxjTt99OJqNCBU_k6EdHH9xI_o0umllA) §7.1,Konzept,nein,BELEGT
DR-026,B2B Marketplace — Buyer Access Basic (monthly),"Buyer-side access to search and view Compliance-Reviewed Supplier profiles, request supplier introductions, download buyer-pack PDFs",Marketplace,Platform/Identity,EU importer / buyer,automatisiert,Buyer KYC/licence verification → searchable supplier directory access + introduction request workflow,Cannaworld_Service_Framework_v2 (1Nvj1MGUTpACFxjTt99OJqNCBU_k6EdHH9xI_o0umllA) §7.2,im-Code,nein,BELEGT
DR-027,B2B Marketplace — Buyer Access Standard (monthly),"Buyer Basic plus Export-Ready Supplier visibility, COA preview, buyer DD pack download; deeper supplier information for procurement decisions",Marketplace,Platform/Identity,EU importer / pharmacy group,automatisiert,Standard buyer subscription → Export-Ready supplier profiles + COA preview + buyer DD pack,Cannaworld_Service_Framework_v2 (1Nvj1MGUTpACFxjTt99OJqNCBU_k6EdHH9xI_o0umllA) §7.2,Konzept,nein,BELEGT
DR-028,B2B Marketplace — Buyer Access Enterprise (monthly),"Buyer Standard plus curated supplier shortlists, supplier comparison matrix, dedicated Cannaworld relationship manager, quarterly buyer briefing",Marketplace,Platform/Identity,Large EU importer / pharmacy group / wholesaler,menschlich,Enterprise buyer subscription → curated shortlists + quarterly briefing + dedicated relationship manager,Cannaworld_Service_Framework_v2 (1Nvj1MGUTpACFxjTt99OJqNCBU_k6EdHH9xI_o0umllA) §7.2,Konzept,nein,BELEGT
DR-029,Buyer Onboarding,"Onboarding process for new buyers onto the Cannaworld marketplace: company document review, licence/authorisation evidence check, profile setup, access provisioning, risk screening",Marketplace,Platform/Identity,EU importer / buyer applying for marketplace access,menschlich,Buyer application + company docs + licence evidence → marketplace account + access level determination,Green Chrono Priority Partner Pricing PDF (1YNIWlQQh2nzh6gvqaFTka8Z34dsLBjcN) §2 line 'Buyer Onboarding',Konzept,nein,BELEGT
DR-030,Restricted Data Room Access per Buyer (monthly),"Access-controlled data room provisioned for a specific buyer-supplier relationship; buyer receives access to supplier compliance evidence, traceability data, COAs, batch records for ongoing sourcing decisions",Marketplace,Data/AI,EU buyer evaluating specific Thai supplier,automatisiert,Buyer+supplier match → provisioned access-controlled data room per buyer relationship,Green Chrono Priority Partner Pricing PDF (1YNIWlQQh2nzh6gvqaFTka8Z34dsLBjcN) §2 'Restricted Data Room Access'; also S-02 in Salus PDF (16dtAOFNOfGiNV0aYhGzfTijFwPBOCttv),im-Code,nein,BELEGT
DR-031,Buyer Q&A Coordination (hourly),"Cannaworld-facilitated Q&A between buyer and supplier: structuring questions, coordinating responses, ensuring regulatory-compliant framing; billed per hour",Marketplace,Advisory,EU buyer / Thai supplier,menschlich,Buyer questions + supplier data → structured Q&A exchange with compliance framing,Green Chrono Priority Partner Pricing PDF (1YNIWlQQh2nzh6gvqaFTka8Z34dsLBjcN) §2 'Buyer Q&A Coordination',Konzept,nein,BELEGT
DR-032,B2B Transaction Support — Fixed Fee,"Active coordination of a specific B2B transaction between Compliance-Reviewed Supplier and buyer: introduction, document exchange, escrow coordination, logistics coordination; fixed fee agreed in advance per transaction; only for verified counterparties",Marketplace,Trade,Thai supplier + EU buyer (transaction parties),menschlich,Matched buyer+supplier → transaction coordination + executed transaction file + fee statement,Cannaworld_Service_Framework_v2 (1Nvj1MGUTpACFxjTt99OJqNCBU_k6EdHH9xI_o0umllA) §7.3,Konzept,nein,BELEGT
DR-033,B2B Transaction Support — Success-Fee Brokerage,Brokerage success fee on actual closed EU-route transactions introduced/registered/coordinated by Cannaworld; degressive rate by volume; fee earned only on shipped/paid transactions; Cannaworld acts as broker/coordinator not principal (no title to goods),Marketplace,Trade,Thai supplier + EU buyer,menschlich,Registered buyer introduction + activated PO → transaction file + success-fee statement,Cannaworld_Service_Framework_v2 §7.3; Salus PDF (16dtAOFNOfGiNV0aYhGzfTijFwPBOCttv) §7.2 S-15; Green Chrono PDF 'Buyer Coordination Fee',Konzept,nein,BELEGT
DR-034,Export Readiness Review — per export case,"Review and preparation of supplier-side export-readiness file for one export case: batch/lot documentation, traceability evidence, COA/lab documentation, buyer/importer document structure, storage and movement evidence, chain-of-custody logic, export case-file preparation",Gateway,Regulatory,Thai cannabis supplier targeting EU export,menschlich,Batch documentation + COAs + buyer documents → Export-Readiness Report (P0/P1/P2 + roadmap) + export case file,Cannaworld_Service_Framework_v2 (1Nvj1MGUTpACFxjTt99OJqNCBU_k6EdHH9xI_o0umllA) §8.1; Salus PDF S-03; Green Chrono 'Export Readiness Light/Standard',Konzept,nein,BELEGT
DR-035,Export Case File Maintenance (monthly per active buyer),"Ongoing maintenance of an export case file for repeat exports to the same buyer/corridor: record updates, document version control, traceability chain maintenance",Gateway,Documents,Thai cannabis supplier with active repeat EU export,menschlich,Recurring export activity + updated records → maintained export case file,Cannaworld_Service_Framework_v2 (1Nvj1MGUTpACFxjTt99OJqNCBU_k6EdHH9xI_o0umllA) §8.1,Konzept,nein,BELEGT
DR-036,Logistics Partner Coordination — per export case,"Coordination with licensed logistics providers (Kühne+Nagel, DHL Healthcare, DB Schenker, equivalent) for GDP-compliant air freight; supplier-side document preparation, handover protocol; logistics fees billed separately",Gateway,Logistics,Thai cannabis supplier preparing physical shipment,menschlich,Export case file + logistics provider selection → handover protocol + shipment documentation,Cannaworld_Service_Framework_v2 (1Nvj1MGUTpACFxjTt99OJqNCBU_k6EdHH9xI_o0umllA) §8.1; Salus PDF S-11,Konzept,nein,BELEGT
DR-037,AEO / Pre-Clearance Documentation Support,Supplier-side documentation support for buyer-side AEO and pre-clearance mechanics; does not replace importer regulatory responsibility; per case,Gateway,Regulatory,Thai cannabis supplier / EU importer,menschlich,Export case + AEO/pre-clearance requirements → compliance documentation set for pre-clearance,Cannaworld_Service_Framework_v2 (1Nvj1MGUTpACFxjTt99OJqNCBU_k6EdHH9xI_o0umllA) §8.1,Konzept,nein,BELEGT
DR-038,Batch / Lot Compliance Review — per batch,"Batch-specific traceability and compliance evidence review: harvest data, source area, operator records, processing status, packaging status, COA reference, storage location, movement record, buyer/export file linkage; output: Batch Review memo + release/rework recommendation",Gateway,Quality/GxP,Thai cannabis supplier / EU buyer,menschlich,Batch records + COA + movement records → Batch Review memo + recommendation,Cannaworld_Service_Framework_v2 (1Nvj1MGUTpACFxjTt99OJqNCBU_k6EdHH9xI_o0umllA) §9.1; Salus PDF S-07; Green Chrono 'Batch Review Light/Standard',Konzept,nein,BELEGT
DR-039,COA & Laboratory Coordination — per sample/batch,"Sample documentation, laboratory communication, COA collection, completeness review, digital filing; laboratory fees billed separately; output: COA reconciliation sheet (pass/fail per parameter)",Gateway,Quality/GxP,Thai cannabis supplier,menschlich,Sample + lab selection → COA + completeness review + reconciliation sheet,Cannaworld_Service_Framework_v2 (1Nvj1MGUTpACFxjTt99OJqNCBU_k6EdHH9xI_o0umllA) §9.1; Salus PDF S-08; Green Chrono 'COA Sample Planning / COA Completeness Review',Konzept,nein,BELEGT
DR-040,Buyer / Importer Due Diligence — per buyer,"Review of buyer/importer profile, company documents, licence or authorisation evidence, destination-market document requirements, transaction-file setup, buyer-risk note; for marketplace or export-readiness purposes",Marketplace,Trust/Audit,Thai cannabis supplier evaluating EU buyer counterparty,menschlich,Buyer company docs + licence evidence → buyer DD report + risk note + transaction-file setup,Cannaworld_Service_Framework_v2 (1Nvj1MGUTpACFxjTt99OJqNCBU_k6EdHH9xI_o0umllA) §9.1; Green Chrono 'Buyer Due Diligence Review',Konzept,nein,BELEGT
DR-041,Deviation & CAPA Management — per case,"Management of a supplier deviation or complaint case: issue documentation, risk classification, corrective-action plan, evidence collection, follow-up review, closure note",Gateway,Quality/GxP,Thai cannabis supplier,menschlich,Deviation/complaint event → CAPA plan + evidence collection + closure note,Cannaworld_Service_Framework_v2 (1Nvj1MGUTpACFxjTt99OJqNCBU_k6EdHH9xI_o0umllA) §9.1,Konzept,nein,BELEGT
DR-042,Complaint Handling Procedure Setup,"One-off creation of documented complaint-handling procedure: intake form, classification logic, response template, evidence log, closure note template",Gateway,Quality/GxP,Thai cannabis supplier,menschlich,Regulatory requirements → complete complaint-handling SOP + forms,Cannaworld_Service_Framework_v2 (1Nvj1MGUTpACFxjTt99OJqNCBU_k6EdHH9xI_o0umllA) §9.1,Konzept,nein,BELEGT
DR-043,AI-Supported Compliance Desk — SOP Drafting,"AI-assisted draft SOPs, record templates and work instructions with human compliance review before release; delivered as part of monthly Compliance Desk retainer",AICert,Data/AI,Thai cannabis supplier / operator,AI-gestützt,SOP topic brief + regulatory references → AI-drafted SOP + human-reviewed final document,Cannaworld_Service_Framework_v2 (1Nvj1MGUTpACFxjTt99OJqNCBU_k6EdHH9xI_o0umllA) §10.1,im-Code,nein,BELEGT
DR-044,AI-Supported Compliance Desk — Training Content,"AI-assisted micro-learnings, quizzes, handouts, staff briefings, mock-audit questions; with human compliance review; part of monthly Compliance Desk",AICert,Data/AI,Thai cannabis supplier / operator,AI-gestützt,Training topic + SOP reference → AI-generated training content + human-reviewed deliverable,Cannaworld_Service_Framework_v2 (1Nvj1MGUTpACFxjTt99OJqNCBU_k6EdHH9xI_o0umllA) §10.1,im-Code,nein,BELEGT
DR-045,AI-Supported Compliance Desk — Translation Support,Thai / English / German raw translations with human review for compliance-critical materials; part of monthly Compliance Desk,AICert,Data/AI,Thai cannabis supplier / EU buyer,AI-gestützt,Source document (Thai/EN/DE) → AI translation + human-reviewed compliance translation,Cannaworld_Service_Framework_v2 (1Nvj1MGUTpACFxjTt99OJqNCBU_k6EdHH9xI_o0umllA) §10.1,im-Code,nein,BELEGT
DR-046,AI-Supported Compliance Desk — Gap Report Structuring,"AI-assisted summary of inspection findings, gap priorities, CAPA items and deficiency lists from raw inspection notes; with human review",AICert,Data/AI,Thai cannabis supplier / operator,AI-gestützt,Raw inspection notes → structured gap report + prioritised CAPA list,Cannaworld_Service_Framework_v2 (1Nvj1MGUTpACFxjTt99OJqNCBU_k6EdHH9xI_o0umllA) §10.1,im-Code,nein,BELEGT
DR-047,AI-Supported Compliance Desk — Document Classification,"AI-assisted categorisation of documents, photos, records and evidence files into the Cannaworld platform structure; part of monthly Compliance Desk",AICert,Data/AI,Thai cannabis supplier / operator,AI-gestützt,Unstructured documents/photos → classified and tagged platform entries,Cannaworld_Service_Framework_v2 (1Nvj1MGUTpACFxjTt99OJqNCBU_k6EdHH9xI_o0umllA) §10.1,im-Code,nein,BELEGT
DR-048,AI-Supported Compliance Desk — Authority Communication Drafts,"AI-assisted draft clarification responses and communication notes for authority (DTAM, BfArM etc.) interactions; reviewed and signed by client before submission",AICert,Regulatory,Thai cannabis supplier / operator,AI-gestützt,Authority clarification request + existing application file → draft response letter + human review,Cannaworld_Service_Framework_v2 (1Nvj1MGUTpACFxjTt99OJqNCBU_k6EdHH9xI_o0umllA) §10.1,Konzept,nein,BELEGT
DR-049,Authority Liaison & Application Management Support — standalone,"Administrative and documentary service (not legal representation) for GACP/regulatory application preparation: application file structure, document collection, authority communication coordination, appointment management, submission support; client remains legal applicant and signatory",Gateway,Regulatory,Thai cannabis operator filing GACP application,menschlich,Application materials + client documents → submit-ready application file + communication tracking,Cannaworld_Service_Framework_v2 (1Nvj1MGUTpACFxjTt99OJqNCBU_k6EdHH9xI_o0umllA) §11,Konzept,nein,BELEGT
DR-050,Additional Clarification Round (authority),"One additional authority clarification round beyond the scope included in the GACP Readiness Program or Authority Liaison engagement; includes document preparation, response drafting, communication tracking",Gateway,Regulatory,Thai cannabis operator,menschlich,Authority clarification request → prepared clarification response set + communication tracking,Cannaworld_Service_Framework_v2 (1Nvj1MGUTpACFxjTt99OJqNCBU_k6EdHH9xI_o0umllA) §11.3,Konzept,nein,BELEGT
DR-051,Application Resubmission,"Full resubmission cycle after authority decision requiring rework; includes revised application file, document update, communication re-tracking",Gateway,Regulatory,Thai cannabis operator,menschlich,Authority rejection/rework decision + updated evidence → revised submission-ready application file,Cannaworld_Service_Framework_v2 (1Nvj1MGUTpACFxjTt99OJqNCBU_k6EdHH9xI_o0umllA) §11.3,Konzept,nein,BELEGT
DR-052,Custom SOP Library Creation,Full drafting of custom SOPs (not just mapping) for specific operator requirements; per SOP or bundle quotation; separate from the mapping included in the GACP Readiness Program,Gateway,Quality/GxP,Thai cannabis operator,menschlich,"Operator process brief → fully written, versioned SOP documents",Cannaworld_Service_Framework_v2 (1Nvj1MGUTpACFxjTt99OJqNCBU_k6EdHH9xI_o0umllA) §15.2 soft exclusions,Konzept,nein,BELEGT
DR-053,Data Migration from Chat / Photo Archives,"Retroactive structuring and migration of fragmented client data (chat archives, photo libraries, paper archives) into the Cannaworld platform compliance structure; priced by volume",Gateway,Data/AI,Thai cannabis operator with pre-existing informal records,menschlich,"Unstructured chat/photo/paper records → categorised, harmonised platform entries",Cannaworld_Service_Framework_v2 (1Nvj1MGUTpACFxjTt99OJqNCBU_k6EdHH9xI_o0umllA) §4.3 and §15.2,Konzept,nein,BELEGT
DR-054,Retroactive Record Cleanup,"Correction and harmonisation of incomplete, inconsistent or non-compliant records accumulated before Cannaworld engagement; by scope quotation",Gateway,Quality/GxP,Thai cannabis operator,menschlich,"Existing non-compliant records → corrected, audit-ready record set",Cannaworld_Service_Framework_v2 (1Nvj1MGUTpACFxjTt99OJqNCBU_k6EdHH9xI_o0umllA) §15.2 soft exclusions,Konzept,nein,BELEGT
DR-055,Export & Buyer Desk (monthly retainer),"Running the export buyer desk: pipeline management, EU buyer sourcing and opportunity registration, restricted B2B data room maintenance, coordination, monthly desk report and gate pack; core operational retainer for active export engagements",Marketplace,Trade,Thai supplier with active EU export ambition,menschlich,Active buyer pipeline + supplier data → monthly desk report + gate pack + buyer opportunity records,Salus PDF (16dtAOFNOfGiNV0aYhGzfTijFwPBOCttv) S-14; also 'Export & Buyer Desk Retainer' in Green Chrono PDF (1YNIWlQQh2nzh6gvqaFTka8Z34dsLBjcN),Konzept,nein,BELEGT
DR-056,Buyer Sourcing & Opportunity Registration — per buyer,"Identify and qualify EU buyers (importers, pharmacy groups, wholesalers, manufacturers); register each buyer opportunity; protect pipeline via Opportunity Registration record before supplier transacts directly",Marketplace,Trade,Thai cannabis supplier,menschlich,EU market / buyer brief → qualified buyer list + Opportunity Registration records,Salus PDF (16dtAOFNOfGiNV0aYhGzfTijFwPBOCttv) §14 S-01,Konzept,nein,BELEGT
DR-057,Reduced ICH Q7 Gap Screening,"First-pass GMP readiness screen against ICH Q7 (API guideline), focused on controls critical for Thai bulk-extract/distillate exporter entering an EU route: quality responsibility, premises/contamination, document/batch-record discipline, lab controls, COA reliability, supplier-control gaps; output: short gap memo with prioritised P0/P1/P2 findings + 6-12 month closure roadmap",AICert,Quality/GxP,Thai cannabis extractor / API producer,menschlich,Facility visit + documentation review → ICH Q7 gap memo + closure roadmap,Salus PDF (16dtAOFNOfGiNV0aYhGzfTijFwPBOCttv) §5(a) and §14 S-04,Konzept,nein,BELEGT
DR-058,On-Site Assessment — senior facility visit,"1-2 day senior Cannaworld presence at supplier facility: walkthrough of production, extraction, QC laboratory, document control; live observation, photo/video evidence (subject to confidentiality preferences), structured interviews with QA/production/management; feeds into ICH Q7 screening and supplier audit",AICert,Quality/GxP,Thai cannabis supplier,menschlich,Facility access + management availability → on-site findings pack (notes + evidence),Salus PDF (16dtAOFNOfGiNV0aYhGzfTijFwPBOCttv) §5(b) S-05,Konzept,nein,BELEGT
DR-059,"Supplier Compliance Audit (for export context, per audit)","Audit of an upstream supplier (biomass cultivator, contract extractor, testing lab) against Cannaworld supplier-audit template; output: supplier audit report + finding list + accept/conditional/reject recommendation; builds supplier-control file required for EU-GMP route",AICert,Trust/Audit,Thai cannabis supplier / EU buyer commissioning supplier audit,menschlich,Supplier access + audit template → audit report + recommendation,Salus PDF (16dtAOFNOfGiNV0aYhGzfTijFwPBOCttv) §5(c) S-06,Konzept,nein,BELEGT
DR-060,Conditional EU Test-Batch PO Documentation Package,"Documentation set for one conditional/suspensive EU test-batch purchase order: product specification sheet, triangular supply stub (Salus×buyer×Cannaworld), tolling-partner route memo, logistics and customs briefing, COA evidence checklist, conditions-precedent schedule; instrument becomes active only when all activation conditions are satisfied",Marketplace,Trade,Thai cannabis supplier preparing first EU export,menschlich,Product specs + route information + buyer intent → conditional PO documentation pack + conditions-precedent tracker,Salus PDF (16dtAOFNOfGiNV0aYhGzfTijFwPBOCttv) §5(d) S-09,Konzept,nein,BELEGT
DR-061,Tolling-Partner Route Memo,"Identification and documentation of EU-GMP tolling/processing partner options for Thai bulk extract/distillate entering EU market; maps regulatory path, evidence requirements, tolling partner fit per product and route",AICert,Regulatory,Thai cannabis supplier / EU buyer,menschlich,"Product profile + target EU market → Route Memo (path, partner fit, evidence, open items)",Salus PDF (16dtAOFNOfGiNV0aYhGzfTijFwPBOCttv) S-10,Konzept,nein,BELEGT
DR-062,Triangular Transaction Structuring — per buyer/deal,Legal/commercial structuring of a Salus×EU-buyer×Cannaworld (+ tolling partner) deal using Triangular Supply agreement templates; per buyer/deal; coordinates all transaction parties without Cannaworld taking title to goods,Marketplace,Trade,Thai supplier + EU buyer,menschlich,Buyer+supplier match + route memo → executed Triangular Supply agreement set,Salus PDF (16dtAOFNOfGiNV0aYhGzfTijFwPBOCttv) S-12,Konzept,nein,BELEGT
DR-063,EU-GMP Roadmap Advisory — per work package,Advisory support guiding supplier and supply-chain partners toward EU-GMP certification or a qualified EU route equivalent; per defined work package; does not constitute GMP certification or regulatory approval,Europe,Quality/GxP,Thai cannabis supplier / EU tolling partner,menschlich,Current GMP gap + target route → work-package report with practical next actions,Salus PDF (16dtAOFNOfGiNV0aYhGzfTijFwPBOCttv) S-13,Konzept,nein,BELEGT
DR-064,"API-Route Conversion Plan (optional premium, per Phase 5 activation)","Planning and coordination of the optional conversion from bulk API/intermediate extract exports to a qualified API-route export model (Months 25-30); includes qualified API-route conversion plan, premium batch/QA review, premium API desk, premium brokerage; activated only on written client request when route-specific conditions are met",Europe,Regulatory,Thai cannabis supplier with mature EU export route,menschlich,Mature export route + API-route readiness → API-route conversion plan + premium desk + premium transaction files,Salus PDF (16dtAOFNOfGiNV0aYhGzfTijFwPBOCttv) §6 S-16,Idee,nein,BELEGT
DR-065,Compliance Management Retainer (monthly),"Ongoing compliance management retainer covering action-tracker maintenance, CAPA follow-up, document status monitoring, compliance status reporting; differentiated from Export & Buyer Desk; mentioned as standalone recurring product in partner pricing",Gateway,Quality/GxP,Thai cannabis supplier,menschlich,Platform data + ongoing events → monthly compliance status + updated action tracker,Green Chrono Priority Partner Pricing PDF (1YNIWlQQh2nzh6gvqaFTka8Z34dsLBjcN) §2 'Compliance Management Retainer',Konzept,nein,BELEGT
DR-066,Licence Verification Pack,"Verification and structuring of existing Thai licences (cultivation, post-harvest, export, narcotics handling) relevant to the GACP Readiness Program engagement; documents licence status, expiry, scope, gaps; included with Module A in pilot-partner arrangements",Gateway,Regulatory,Thai cannabis operator,menschlich,Existing licences + authority databases → verified licence summary + gap matrix,Green Chrono Priority Partner Pricing PDF (1YNIWlQQh2nzh6gvqaFTka8Z34dsLBjcN) §2 'incl. Licence Verification Pack' with Module A,Konzept,nein,BELEGT
DR-067,AI-Powered Supply-Demand Matching Engine,"AI matching system that matches buyers and sellers not merely by profile but on batch specifications, lab results, GMP/GACP status, compliance readiness, import capability, pharmacy demand, and historical performance; described as the core intelligence layer of the Cannaworld marketplace; generates data-and-trust moat with each transaction",Marketplace,Data/AI,All marketplace participants (suppliers + buyers),automatisiert,Supplier compliance profiles + buyer requirements + historical data → AI-ranked match list + recommended introductions,Investor Pitch Speech (1-LwKyqyqgmcITv9OgHkDQW736_TaPYsxwC_tQpigj9w) Slide 7; PostHarvest Closing (1rUNLcdrwLcg-n8Y2WoXTYN-zi953hRJ_wRYcU-GaHkI),Konzept,nein,BELEGT
DR-068,GMP-AICert Trust Engine — AI Gap Assessment & Evidence Verification,"AI-backed trust system powering the marketplace: AI gap assessment, document intelligence, audit and evidence management, supplier risk scoring, batch traceability, QP-ready documentation; described as the infrastructure that makes compliance verifiable rather than trust-based",AICert,Trust/Audit,All marketplace participants; EU buyers; QPs,AI-gestützt,Supplier compliance data + batch records → AI-verified evidence set + risk score + QP-ready documentation,Investor Pitch Speech (1-LwKyqyqgmcITv9OgHkDQW736_TaPYsxwC_tQpigj9w) Slide 8; PostHarvest Closing (1rUNLcdrwLcg-n8Y2WoXTYN-zi953hRJ_wRYcU-GaHkI),Konzept,nein,BELEGT
DR-069,Pharmacy Access Layer — Direct & Pharmacy-Near Import Model,"Service/infrastructure enabling EU pharmacies to access cannabis supply closer to source with fewer intermediaries: better selection, better margins, transparent origin, full regulatory safety; replaces traditional importer→wholesaler→pharmacy chain; described as 'controlling trust at both ends of the chain'",Europe,Pharmacy,German / EU pharmacy,automatisiert,Pharmacy profile + sourcing requirements → curated compliant supplier access + compliance documentation,Investor Pitch Speech (1-LwKyqyqgmcITv9OgHkDQW736_TaPYsxwC_tQpigj9w) Slide 9/10,Idee,nein,BELEGT
DR-070,Post-Harvest Export Readiness Education Event,"Live educational stage presentation for Thai farm owners covering the full post-harvest evidence chain: batch identification, harvest records, drying/curing monitoring, trimming/sorting, lab testing (COA), packaging and chain-of-custody documentation; bilingual EN/Thai with live interpreter; farmer speech script 15-min format",Gateway,Education,Thai cannabis farm owners / cultivators,menschlich,Registered farm audience → structured educational session + evidence pack framework understanding,PostHarvest_FarmerSpeech_EN.md (1ej7wn_zHcmLk80tLzB2wUMk0px3PxGOQrkPVcYOWcOI),Konzept,nein,BELEGT
DR-071,Regional Partner Farm Onboarding Event & Free Readiness Assessment,"Live conversion event following the Post-Harvest education session; attendees walk to Cannaworld table for free 3-4 question farm readiness mini-check; table staff capture farm profile (name, province, size, current crop, certifications); gives one honest compliment and one gap; introduces the GACP readiness pathway; leads to GACP Readiness Program engagement",Gateway,Marketing/GTM,Thai cannabis farm owners seeking EU market access,menschlich,Farm owner attendance → farm profile capture + readiness mini-assessment + shortlist place / follow-up booking,PostHarvest_V3_Closing_RegionalPartner_EN.md (1rUNLcdrwLcg-n8Y2WoXTYN-zi953hRJ_wRYcU-GaHkI),Konzept,nein,BELEGT
DR-072,EU-GACP Upgrade Pathway,"Extension of GACP readiness beyond Thai DTAM standards toward EU-GACP criteria, enabling marketplace listing at Export-Ready Supplier tier and EU buyer credibility; mentioned as the road from Thai GACP → EU-GACP upgrade → Marketplace; exact service scope not fully detailed in Drive documents",Gateway,Quality/GxP,Thai cannabis farm with Thai GACP status,menschlich,Thai GACP documentation + EU-GACP gap analysis → EU-GACP-aligned evidence set + upgraded marketplace status,"Ableitung: PostHarvest Closing (1rUNLcdrwLcg-n8Y2WoXTYN-zi953hRJ_wRYcU-GaHkI) references 'Thai GACP readiness, to the EU-GACP upgrade, all the way onto the marketplace'; Investor Pitch Slide 11 references GACP-to-GMP value gap",Idee,nein,ANNAHME
DR-073,Data & Market Intelligence (recurring),"Data-driven market intelligence and reporting derived from aggregated marketplace transaction data, compliance scoring trends, and buyer demand patterns; described as one of five revenue streams in investor pitch as 'Data and market intelligence'",Marketplace,Data/AI,EU buyers / investors / platform participants,automatisiert,Aggregated marketplace data → market intelligence reports + pricing signals + compliance benchmarks,Investor Pitch Speech (1-LwKyqyqgmcITv9OgHkDQW736_TaPYsxwC_tQpigj9w) Slide 15 revenue model listing,Idee,nein,BELEGT
DR-074,Compliance SaaS Platform (subscription),"SaaS subscription revenue stream from the Cannaworld digital platform itself (data room, compliance tracking, evidence management, traceability); described in investor pitch as one of five revenue streams ('Compliance SaaS'); underlying infrastructure already described in Module 2 but SaaS framing implies independent product",übergreifend,Platform/Identity,Any cannabis operator / buyer,automatisiert,Subscription → platform access + compliance modules + data management,Investor Pitch Speech (1-LwKyqyqgmcITv9OgHkDQW736_TaPYsxwC_tQpigj9w) Slide 15; operationally = Module 2 (DR-006/007/008),im-Code,nein,BELEGT
DR-075,QP Support & Export Gate Control,Formalized Qualified Person support service controlling batch release for export; GMP Leader role providing batch release decisions as the ultimate export gate; creates structural long-term client dependency; exact service specification not elaborated in available Drive content (stub document only),Germany,Quality/GxP,EU importer / pharmacy (requiring QP-released batches),menschlich,Batch documentation + lab evidence → QP release decision + batch release record,Ableitung: QP Support Service-Modell document (1HuDfWEUZeaFg-z0bCeNXHUFnJtM5BlB6vqUiStOBHC8) is a stub (title + prompt only); Investor Pitch Slide 8 mentions 'QP-ready documentation'; Salus PDF references QP function in regulatory matrix,Idee,nein,ANNAHME
DR-076,Impartiality Vehicle — Structurally Separated Compliance Review Entity (ISO 17065 roadmap),Future legal entity within GMP-AICert structure that houses the supplier qualification/review function separated from the marketplace entity; to pursue ISO 17065 accreditation; Phase 3 of the 12-month impartiality roadmap; not yet operational but explicitly designed and described in Framework v2,AICert,Trust/Audit,All marketplace participants requiring accredited certification authority,Durchlauf-extern,Supplier compliance review request → accredited certification decision (future state),Cannaworld_Service_Framework_v2 (1Nvj1MGUTpACFxjTt99OJqNCBU_k6EdHH9xI_o0umllA) §16.4,Idee,nein,BELEGT
DR-077,Cooperative Document Review Integration (AI engine 3rd-party),"Integration of a third-party AI (Devendra Dilloud's AI system with 3 engines) into Cannaworld's software environment for document review, Thai/EU export document compliance checking (NX22, NX1, NX7 formats); 24-hour document review turnaround; no document storage for privacy; discussed as integration project",AICert,Data/AI,Thai cannabis supplier / Cannaworld operations,AI-gestützt,Export document set (15-16 Thai regulatory documents) → AI compliance review + pass/fail report within 24h,Devendra/Kevin meeting notes (1cQ8siTwZxIs1K8RCLFGnO7jMFwhAudu3dYR6O3GPDwU) — meeting summary of integration proposal,Idee,nein,BELEGT
GW-001,Batch erstellen,"Exporter/Farm legt neue Cannabis-Charge mit Stammdaten (Strain, THC/CBD, Menge, Zielmarkt) an.",Gateway,Trade,"Exporter, Farm",automatisiert,"Batch-Formular → Charge-ID, Status 'submitted'","src/pages/dashboard/CreateBatch.tsx, supabase/functions/cross-platform-api/index.ts (action=create_batch)",live,nein,BELEGT
GW-002,Charge-Liste & Detail,"Suche, Filtere und betrachte eigene und zugewiesene Chargen mit vollständigem Status-Verlauf.",Gateway,Trade,"Exporter, Farm, Importer, Lab",automatisiert,Filter-Params → Batch-Liste + Detail-View,"src/pages/dashboard/Batches.tsx, src/pages/dashboard/BatchDetail.tsx",live,nein,BELEGT
GW-003,Meine Chargen (Farm-View),Farm-seitige gefilterte Ansicht eigener Produktions-Chargen mit Status-Badges.,Gateway,Cultivation,Farm,automatisiert,User-ID → eigene Charge-Übersicht,src/pages/dashboard/MyBatches.tsx,live,nein,BELEGT
GW-004,AI Batch Analyse (Submit),"Dokumente einer Charge werden zur KI-Analyse eingereicht; Ergebnis liefert Preis-Schätzung, Compliance-Check und Deviation-Flag.",Gateway,Quality/GxP,"Exporter, Farm",AI-gestützt,"Batch-ID + Dokumente → AI-Job-Status, Preis-Abweichung, Review-Flag",supabase/functions/ai-batch-analyze/index.ts (action=submit_batch),live,nein,BELEGT
GW-005,AI Batch Analyse (Dokument OCR/Extraktion),"Google-Batch-API analysiert hochgeladene Batch-Dokumente (CoA, Licence, GMP-Cert) und extrahiert strukturierte Daten.",Gateway,Quality/GxP,"Exporter, Farm",AI-gestützt,"Dokument-URL/Content → strukturierte Daten, compliance_score",supabase/functions/analyze-batch-document/index.ts,live,nein,BELEGT
GW-006,AI Batch Jobs Dashboard,Übersicht aller eingereichten AI-Analyse-Jobs mit Status (pending/queued/completed/failed).,Gateway,Data/AI,"Exporter, Farm",automatisiert,User-Scope → AI-Job-Liste mit Status,src/pages/dashboard/AIBatchJobs.tsx,live,nein,BELEGT
GW-007,AI Batch Cron-Tick,Scheduler-Cron-Function tickt AI-Batch-Jobs von pending→queued→verarbeitet; max. 25 Jobs pro Lauf.,Gateway,Data/AI,System/intern,automatisiert,Zeitauslöser → Job-Status-Update,supabase/functions/gateway-ai-batch-cron/index.ts,live,nein,BELEGT
GW-008,Marketplace Batch-Listing (Übersicht),"Käufer sehen alle marketplace-gelisteten Chargen mit Filterung nach Kategorie, Zertifikat, Zielmarkt.",Gateway,Trade,"Importer, Shop, Trader, Pharmacy",automatisiert,Filter → Batch-Liste + KPIs,"src/pages/dashboard/Marketplace.tsx, supabase/functions/marketplace-proxy/index.ts (action=list_batches)",live,nein,BELEGT
GW-009,Marketplace Order erstellen,Käufer platziert Bestellung auf eine marketplace-gelistete Charge.,Gateway,Trade,"Importer, Shop, Trader",automatisiert,"batch_id, quantity, notes → order_id, status","supabase/functions/marketplace-proxy/index.ts (action=create_order), cannaworld-sdk/src/marketplace-api.ts createMarketplaceOrder",live,nein,BELEGT
GW-010,Marketplace Order-Status aktualisieren,Exporter oder Admin aktualisiert Order-Status (accepted/shipped/delivered/cancelled).,Gateway,Trade,"Exporter, Admin",automatisiert,"order_id, status → aktualisierte Order","supabase/functions/marketplace-proxy/index.ts (action=update_order), cannaworld-sdk/src/marketplace-api.ts updateMarketplaceOrder",live,nein,BELEGT
GW-011,Marketplace Sync (Batch→Marketplace),Einzelne Charge wird aus Gateway nach Cannaworld-Marketplace gespiegelt.,Gateway,Trade,System/intern,automatisiert,"batch_id → sync_result, event_id",supabase/functions/batch-marketplace-sync/index.ts (action=sync_to_marketplace),live,nein,BELEGT
GW-012,Marketplace Auto-Sync (alle Chargen),Bulk-Sync aller offenen Chargen an Marketplace als Batch-Job.,Gateway,Trade,System/intern,automatisiert,Trigger → Sync-Bericht (n synced),supabase/functions/marketplace-auto-sync/index.ts,live,nein,BELEGT
GW-013,Zertifikat-Verifizierung (öffentlich),Öffentliche Seite zum Prüfen eines CW/AICert-Zertifikats anhand der Zertifikatsnummer.,Gateway,Trust/Audit,Externer Verifizierer,automatisiert,"Zertifikatsnummer → Gültigkeit, Aussteller, Verfallsdatum","src/pages/VerifyCertificate.tsx, supabase/functions/marketplace-proxy/index.ts (action=verify_certificate)",live,nein,BELEGT
GW-014,ShinrAi Trust Score – 6-Achsen-Bewertung,"KI-gestützte 6-Achsen-Compliance-Bewertung (Anbau, Qualität, Regulatorik, Logistik, Administration, Dokumentation) für Facility/Org. Export-Ready-Flag wenn ≥70.",Gateway,Trust/Audit,"Exporter, Auditor, Admin",AI-gestützt,"Facility/Org-Daten → trust_score (0-100), axis_scores, export_ready, priority_actions","supabase/functions/shinrai-score/index.ts (action=score), src/pages/dashboard/ShinrAiDashboard.tsx",live,nein,BELEGT
GW-015,ShinrAi Dokument-Analyse & Score,KI analysiert hochgeladenes Dokument und erzeugt daraus Achsen-Score.,Gateway,Trust/Audit,"Exporter, Auditor",AI-gestützt,"Dokument (Bild/PDF) → partieller axis_score, findings",supabase/functions/shinrai-score/index.ts (action=analyze),live,nein,BELEGT
GW-016,Blockchain Anker – Batch Audit-Kette,SHA-256-Hash der Supply-Chain-Events wird on-chain verankert (EVM mock-fähig); Verifikation über Merkle-Root.,Gateway,Trust/Audit,"Auditor, Exporter",automatisiert,"batch_id → tx_hash, block_number, chain_root_hash","supabase/functions/gateway-blockchain-anchor/index.ts (action=verify_anchor, anchor)",im-Code,nein,BELEGT
GW-017,Supply Chain Event Tracking,"Immutabler Ledger für alle Lieferketten-Ereignisse (Ernte, Test, Versand, Zoll, Annahme) mit Hash-Kette.",Gateway,Trust/Audit,"Exporter, Auditor, Regulierer",automatisiert,"event_type, batch_id, title → event_id, event_hash, chain_sequence",supabase/functions/gateway-supply-chain-tracker/index.ts,live,nein,BELEGT
GW-018,Audit Trail Dashboard,Chronologische Ansicht aller Audit-Trail-Einträge einer Organisation/Charge.,Gateway,Trust/Audit,"Auditor, Exporter, Admin",automatisiert,"Filter → Audit-Trail-Liste (action, entity, user, timestamp)",src/pages/dashboard/AuditTrail.tsx,live,nein,BELEGT
GW-019,Audit Passport,Exportierbarer strukturierter Audit-Ausweis einer Charge (Supply-Chain-Events + Signaturen + ShinrAi-Score).,Gateway,Trust/Audit,"Exporter, Auditor, Behörde",automatisiert,batch_id → Audit-Passport-Report (JSON/PDF),"src/pages/dashboard/AuditPassport.tsx, supabase/functions/audit-report/index.ts",live,nein,BELEGT
GW-020,Audit Report Export,"Generiert Audit-Report (JSON/PDF, öffentlich/authentifiziert) mit Supply-Chain-Events und QP-Signaturen.",Gateway,Trust/Audit,"Auditor, Behörde, Exporter",automatisiert,"batch_id, format → Report-Dokument",supabase/functions/audit-report/index.ts,live,nein,BELEGT
GW-021,Selbst-Audit Tool,Geführter Selbst-Audit-Workflow für Exporter/Farm mit Checklisten und Befund-Erfassung.,Gateway,Trust/Audit,"Exporter, Farm",automatisiert,"Checklisten-Antworten → Audit-Score, GAP-Liste",src/pages/dashboard/SelfAudit.tsx,live,nein,BELEGT
GW-022,Realtime Audit Voice/Vision Session,OpenAI Realtime API: Auditor führt gesprochenes Audit mit Live-Vision-Snapshot; ephemeral token wird serverseitig ausgestellt.,Gateway,Trust/Audit,"Auditor, Admin",AI-gestützt,"Auth-Token → Realtime-Session-Token, session_id",supabase/functions/realtime-audit-token/index.ts,im-Code,nein,BELEGT
GW-023,Gemini Audio-Relay (Audit),Google Gemini WebSocket Relay für multimodale Audit-Sessions (Audio + Vision) mit serverseitigem Session-Store.,Gateway,Trust/Audit,Auditor,AI-gestützt,audio-chunks/text + setupConfig → Gemini-Realtime-Antwort,supabase/functions/gemini-audio-relay/index.ts,im-Code,nein,BELEGT
GW-024,CAPA Tracker,"Corrective and Preventive Actions: Erfassen, Zuweisen, Verfolgen und Abschließen von CAPA-Maßnahmen.",Gateway,Quality/GxP,"Auditor, Inspector, Farm, Exporter",automatisiert,"Finding + root_cause → CAPA-ID, Status, Action-Items",src/pages/dashboard/CapaTracker.tsx,live,nein,BELEGT
GW-025,CAPA / RCA KI-Analyse,KI-Analyse einer Abweichung zur Ableitung von Root-Cause und CAPA-Maßnahmen.,Gateway,Quality/GxP,"QA-Manager, Auditor",AI-gestützt,"Abweichungsbeschreibung → root_cause, capa_items, action_items",supabase/functions/capa-rca-analyzer/index.ts,live,nein,BELEGT
GW-026,Abweichungs-Management (Deviation),"Erfassen, Klassifizieren und Bearbeiten von GxP-Abweichungen inkl. Schweregrad und Korrekturmaßnahmen.",Gateway,Quality/GxP,"QA-Manager, Farm, Exporter",automatisiert,"Abweichungsformular → Deviation-ID, Status, CAPA-Link",src/pages/dashboard/DeviationManagement.tsx,live,nein,BELEGT
GW-027,QP Release Thai (RP-Freigabe),"Thai Responsible Person gibt Charge nach Thai FDA B.E. 2565 §31 frei, quarantänt oder lehnt ab; Two-Eyes-Signatur.",Gateway,Regulatory,Thai RP,automatisiert,"batch_id, decision, rationale → Batch-Status, QP-Signatur",supabase/functions/qp-release-thai/index.ts,live,nein,BELEGT
GW-028,QP Release EU (Annex-16-Freigabe),EU Qualified Person nach §14 AMG / Annex 16 GMP gibt Charge für EU-Import frei; BfArM-Registrierung Pflicht.,Gateway,Regulatory,EU Qualified Person,automatisiert,"batch_id, decision, qp_eu_gmp_cert → Batch-Status, QP-Signatur",supabase/functions/qp-release-eu/index.ts,live,nein,BELEGT
GW-029,QP Release Dashboard (Übersicht),Übersicht aller QP-Freigabe-Entscheidungen mit Status und Signatur-Link.,Gateway,Quality/GxP,"Admin, Auditor, Inspector",automatisiert,Filter → QP-Release-Liste,src/pages/dashboard/QPRelease.tsx,live,nein,BELEGT
GW-030,QP Release DTrust (eIDAS QES),Qualifizierte Elektronische Signatur via DTrust/eIDAS-Provider für QP-Dokumente; Signatur-Hash in DB gespeichert.,Gateway,Quality/GxP,EU QP,automatisiert,"batch_id, signer_name, eu_gmp_cert → signature_id, document_hash, signing_url","supabase/functions/gateway-dtrust-signing/index.ts, src/pages/dashboard/QPReleaseDTrust.tsx",im-Code,nein,BELEGT
GW-031,QP Release DocuSign,"Alternativ-eSignatur via DocuSign: Umschlag erstellen, Signatur-Status verfolgen, Completion-Webhook empfangen.",Gateway,Quality/GxP,"EU QP, Admin",automatisiert,"batch_id, qp_email, qp_eu_gmp_cert → envelope_id, signing_url","supabase/functions/gateway-docusign-integration/index.ts (action=create_qp_release), src/pages/dashboard/QPReleasesDocuSign.tsx",im-Code,nein,BELEGT
GW-032,QP Netzwerk (Qualified Person Network),Verwaltung und Suche zugelassener Qualified Persons für Thai RP und EU QP Annex-16-Rollen.,Gateway,Regulatory,"Admin, Exporter",automatisiert,Suchfilter → QP-Liste mit Credentials,"src/pages/dashboard/QPNetwork.tsx, src/hooks/use-qp-network.ts",live,nein,BELEGT
GW-033,Post-Harvest Operation öffnen (EU GMP),EU GMP Manufacturer öffnet Post-Harvest-Operation nach Annex 7 §13; Two-Eyes: Production Manager + QA Manager Pflicht.,Gateway,Quality/GxP,EU GMP Production Manager,automatisiert,"batch_id, facility_id, signers → Operation-ID, Status 'opened'",supabase/functions/post-harvest-open/index.ts,live,nein,BELEGT
GW-034,Post-Harvest Operation abschließen (EU GMP),QA-Manager signiert QA-Release nach Post-Harvest (Two-Eyes); triggert Transition zu ready_for_eu_qp_release.,Gateway,Quality/GxP,EU GMP QA Manager,automatisiert,"operation_id, qa_decision → Status 'eu_post_harvest_completed'",supabase/functions/post-harvest-complete/index.ts,live,nein,BELEGT
GW-035,Post-Harvest Services Dashboard,"Übersicht aller Post-Harvest-Operationen mit Status, Signaturen und offenen Aktionen.",Gateway,Quality/GxP,"Exporter, Auditor, Farm",automatisiert,User-Scope → Post-Harvest-Operations-Liste,src/pages/dashboard/PostHarvestServices.tsx,live,nein,BELEGT
GW-036,EU Intake – Wareneingang bestätigen,EU-Großhändler RP oder GMP-QA bestätigt Wareneingang am Ziel nach GDP 2013/C 343/01 Ch. 5; triggert Statuswechsel.,Gateway,Logistics,"EU Wholesaler RP, EU GMP QA",automatisiert,"batch_id, facility_id, receiver_role → intake_receipt_id, Status",supabase/functions/eu-intake-receive/index.ts,live,nein,BELEGT
GW-037,CoA Panel-Validator,Prüft CoA-Analysenpanel gegen konfigurierte Validation-Profile; klassifiziert als passed/failed/conditionally_passed auf Analyt-Ebene.,Gateway,Quality/GxP,"Lab, QA",automatisiert,"panel_results, batch_id, coa_profile → validation_result_id, item-Level-Ergebnisse",supabase/functions/gateway-coa-panel-validator/index.ts,live,nein,BELEGT
GW-038,LIMS Integration (Proxy),"Proxy zu AICert LIMS: CoA parsen, QP-Release anfordern, Lab-Ergebnisse übernehmen.",Gateway,Quality/GxP,"Lab, QA",automatisiert,"action + coa_url/lab_result_id → geparste Testergebnisse, QP-Release-Request",supabase/functions/lims-proxy/index.ts,live,nein,BELEGT
GW-039,LIMS Webhook – Labor-Ergebnis-Eingang,"Empfängt Lab-Ergebnisse per Webhook mit HMAC-Signatur, parst und speichert Analysewerte.",Gateway,Quality/GxP,Lab-System,automatisiert,"LIMS-Webhook-Payload → batch_lab_results, supply_chain_event",supabase/functions/lims-webhook/index.ts,live,nein,BELEGT
GW-040,LIMS Lab Dashboard,"Laboransicht mit CoA-Upload, Testergebnissen und QP-Release-Anforderung.",Gateway,Quality/GxP,Lab Provider,automatisiert,"Batch-Filter → Lab-Ergebnisliste, CoA-Upload",src/pages/dashboard/LimsLab.tsx,live,nein,BELEGT
GW-041,LIMS Integration Dashboard,Verwaltung von LIMS-Verbindungen und -Profilen; API-Key-Management für Labore.,Gateway,Quality/GxP,"Admin, Lab Provider",automatisiert,"LIMS-Config → Integration-Status, Verbindungstest",src/pages/dashboard/LIMSIntegration.tsx,live,nein,BELEGT
GW-042,Recall initiieren,"EU-QP, Thai-RP oder Regulator initiiert Rückruf einer Charge nach EU-GMP Ch. 8 / GDP Ch. 6.4 / §69 AMG; schreibt chain_recall_events.",Gateway,Regulatory,"EU QP, Thai RP, Regulierer",automatisiert,"batch_id, trigger_kind, rationale → recall_event_id, Batch-Status 'recall_initiated'",supabase/functions/recall-initiate/index.ts,live,nein,BELEGT
GW-043,Recall Management Dashboard,Verwaltung laufender und abgeschlossener Rückrufe mit Tracking und Kommunikations-Log.,Gateway,Regulatory,"Admin, QP, Regulierer",automatisiert,"Recall-Filter → Recall-Liste, Status, Kommunikations-Einträge","src/pages/dashboard/RecallManagement.tsx, supabase/functions/recall-management/index.ts",live,nein,BELEGT
GW-044,Rejection Management,"Import-seitige Ablehnung einer Charge (z.B. nach Zollkontrolle): Rejection-Number, Grund, Menge, Nachweise erfassen.",Gateway,Trade,"Importer, Auditor, Logistics",automatisiert,"batch_id, reason, affected_quantity → rejection_id, rejection_number","supabase/functions/rejection-management/index.ts, src/pages/dashboard/RejectionManagement.tsx",live,nein,BELEGT
GW-045,Cold Chain Monitoring,"GDP-konformes Temperatur/Feuchtigkeits-Monitoring: Daten-Upload, MKT-Berechnung, Excursion-Erkennung, Compliance-Report.",Gateway,Logistics,"Logistics, Exporter, Auditor",automatisiert,"Temperatur-Readings + Logger-Config → MKT, Excursions, Supply-Chain-Event","supabase/functions/cold-chain/index.ts, src/pages/dashboard/ColdChainMonitor.tsx",live,nein,BELEGT
GW-046,RFID Integration & Tracking,"Encode/Scan/Lookup RFID-Tags; Event-Aufzeichnung bei Customs-Scan, Bewegungen und Facility-Check.",Gateway,Logistics,"Logistics, Warehouse, Customs",automatisiert,"RFID-Read-Events → rfid_tags, supply_chain_events","supabase/functions/rfid-integration/index.ts, src/pages/dashboard/RFIDTracking.tsx",live,nein,BELEGT
GW-047,Logistics Sync (Status-Propagation),"Synchronisiert Shipment-Status-Änderungen an Trade Case, AICert-Webhook und Marketplace; Custom-Status inklusive.",Gateway,Logistics,System/intern,automatisiert,"shipment_id, old_status, new_status → trade_case_status, webhooks","supabase/functions/logistics-sync/index.ts (action=shipment_status_changed, trade_case_status_changed, customs_status_changed)",live,nein,BELEGT
GW-048,Logistik & Versand Dashboard,"Übersicht von Shipments, Spediteur-Buchungen und Transit-Status.",Gateway,Logistics,"Exporter, Logistics, Farm",automatisiert,"Filter → Shipment-Liste, Status, Track & Trace",src/pages/dashboard/LogisticsShipping.tsx,live,nein,BELEGT
GW-049,Freight Forwarder Booking,"Bucht pharmazeutischen Cannabis-Transport (PIL, temperaturkontrolliert) via Spediteur; erzeugt Booking-Email und Supply-Chain-Event.",Gateway,Logistics,"Exporter, Logistics",automatisiert,"shipment_id, forwarder_config → Booking-Email, supply_chain_event",supabase/functions/freight-forwarder/index.ts,live,nein,BELEGT
GW-050,Customs Integration – ATLAS EU-Abfertigung,"Erstellt EU-Zollanmeldung (ATLAS-MRN), informiert Zollbroker, schreibt supply_chain_event.",Gateway,Logistics,"Logistics, Customs Broker",automatisiert,"shipment_id, mrn, broker_email → customs_event, Broker-Email",supabase/functions/customs-integration/index.ts (action=submit_atlas),im-Code,nein,BELEGT
GW-051,ICS2 Deklaration Thailand (Narcotics HS Code),Generiert ICS2-XML-Voranmeldung mit Narcotics-Indikator (PIL) für Cannabis-Export aus Thailand; mock/live-fähig.,Gateway,Logistics,"Exporter, Customs Broker",automatisiert,"shipment_id, parties → ICS2-XML, declaration_id",supabase/functions/ics2-declaration/index.ts (action=generate),im-Code,nein,BELEGT
GW-052,GS1 GTIN-Validierung und -Generierung,Validiert und formatiert GTINs nach GS1-Standard; generiert GTIN-13 mit Check-Digit; registriert GTIN auf Batch.,Gateway,Quality/GxP,"Exporter, Logistics, Warehouse",automatisiert,"gtin/company_prefix/item_ref → validiertes GTIN, GS1-DataMatrix-Template","supabase/functions/gateway-gs1-registry/index.ts (action=lookup, generate_gtin, register_product)",live,nein,BELEGT
GW-053,GS1 Management Dashboard,"Pflege und Suche von GS1-GTINs, Batch-Lots und Seriennummern in der Dashboard-Oberfläche.",Gateway,Quality/GxP,"Exporter, Warehouse",automatisiert,GTIN-Suche/Register-Form → GS1-Registry,src/pages/dashboard/GS1Management.tsx,live,nein,BELEGT
GW-054,Label-Generator (ZPL/SBPL/GS1-DataMatrix),Generiert GS1-konforme Batch- und Paletten-Etiketten in ZPL/SBPL mit DataMatrix-Barcode für Zebra-Drucker.,Gateway,Logistics,"Warehouse, Logistics",automatisiert,"batch_id, weight, serial → ZPL/SBPL-Label-String",supabase/functions/label-generator/index.ts,live,nein,BELEGT
GW-055,Label Printing Dashboard,UI zum Auslösen und Verwalten von Etikettendruckjobs.,Gateway,Logistics,"Warehouse, Logistics",automatisiert,batch_id + Drucker-Config → Druck-Job,src/pages/dashboard/LabelPrinting.tsx,live,nein,BELEGT
GW-056,Packaging Management (GS1-Hierarchie),Erstellt und packt hierarchische Packaging-Units (Primär→Sekundär→Tertiär→Palette) mit SSCC und Scan-to-Pack.,Gateway,Logistics,"Warehouse, Logistics",automatisiert,"level, weight, batch_id, parent_id → packaging_unit_id, SSCC",supabase/functions/packaging-management/index.ts,live,nein,BELEGT
GW-057,Warehouse Management,"Lager-Bestandsführung: Eingang, Ausgang, Lagerplatz-Zuweisung, Inventur.",Gateway,Logistics,"Warehouse, Logistics",automatisiert,"Bewegungs-Events → Lager-Bestand, Lagerplatzbelegung",src/pages/dashboard/WarehouseManagement.tsx,live,nein,BELEGT
GW-058,Inventory Management,"Echtzeit-Bestandsansicht mit Charge-Level-Tracking, Mindeststände und Alerts.",Gateway,Trade,"Exporter, Farm, Logistics, Shop",automatisiert,"Scope-Filter → Bestands-Tabelle, kritische Bestände",src/pages/dashboard/InventoryManagement.tsx,live,nein,BELEGT
GW-059,Facility Planner (Grundriss & Zonen),"GMP-konforme Facility-Planung: Grundriss-Upload, Zonen-Definition, Blueprint-Files, Plan-Details.",Gateway,Facility,"Farm, Exporter, Auditor",automatisiert,"Facility-Daten, Blueprint-Upload → Plan-ID, Zonen-Map","src/pages/dashboard/FacilityPlanner.tsx, FacilityPlanDetail.tsx, FacilityBlueprintFiles.tsx",live,nein,BELEGT
GW-060,Facility Import (Bulk),Bulk-Import von Facility-Daten aus CSV/Excel für Admin-Erstbefüllung.,Gateway,Facility,Admin,automatisiert,CSV/Excel-Datei → Facility-Records,"supabase/functions/facility-import/index.ts, src/pages/dashboard/FacilityImport.tsx",live,nein,BELEGT
GW-061,Facility Layout Generator (KI),KI generiert GMP-konformen Facility-Grundriss-Vorschlag basierend auf Produktionsparametern.,Gateway,Facility,"Farm, Exporter",AI-gestützt,"Produktionsparameter → Layout-Vorschlag (Raumplan, Zonierung)",supabase/functions/facility-layout-generator/index.ts,im-Code,nein,BELEGT
GW-062,Facility Integration Hub,"Verwaltung externer Integrationen pro Facility (IoT, LIMS, ERP, Trolmaster).",Gateway,Facility,"Admin, Farm",automatisiert,"Facility-ID + Integration-Typ → Connection-Status, API-Keys",src/pages/dashboard/FacilityIntegrationHub.tsx,live,nein,BELEGT
GW-063,Facility Farm Dashboard,"Farm-spezifischer Überblick: Grow-Cycle-Status, Sensorwerte, GACP-Checkliste, Timeline.",Gateway,Cultivation,Farm,automatisiert,"Facility-ID → Dashboard-KPIs, Sensor-Werte, GACP-Score","src/pages/dashboard/FarmDashboard.tsx, src/hooks/useFarmDashboard.ts",live,nein,BELEGT
GW-064,IoT Gateway – Sensor-Daten-Eingang,"Empfängt MQTT/REST-Sensor-Daten von IoT-Geräten (Trolmaster, generisch); speichert iot_sensor_readings; triggert Anomalie-Check.",Gateway,Cultivation,"IoT-Geräte, Farm-System",automatisiert,"device_id, readings (temp, humidity) → iot_sensor_readings, supply_chain_events",supabase/functions/iot-gateway/index.ts,live,nein,BELEGT
GW-065,IoT Anomalie-Detektor,"Regelbasierter Anomalie-Detektor für Sensor-Readings: prüft Schwellwerte, schreibt iot_anomaly_events und Alert-Einträge.",Gateway,Cultivation,"Farm, QA",automatisiert,"device_id, readings, thresholds → anomaly_events, severity",supabase/functions/iot-anomaly-detector/index.ts,live,nein,BELEGT
GW-066,Autonomer Farm Controller,"KI-gesteuerter Grow-Cycle-Controller: analysiert Sensor-Daten und erzeugt Robotic-Action-Commands (Adjust NPK, Start Flush, Trigger Harvest, Start Trimming).",Gateway,Cultivation,Farm-Automation,AI-gestützt,"grow_cycle_id, sensor_readings → robotic_action_commands, recommended_actions",supabase/functions/autonomous-farm-controller/index.ts,im-Code,nein,BELEGT
GW-067,Predictive Yield Engine,"KI-Ernte-Vorhersage basierend auf Grow-Cycle-Daten, Genetics und historischen Readings (OpenAI/Vertex/Google).",Gateway,Cultivation,"Farm, Exporter",AI-gestützt,"grow_cycle_id, strain, current_readings → yield_prediction_kg, confidence",supabase/functions/predictive-yield-engine/index.ts,im-Code,nein,BELEGT
GW-068,Sanierungs-Schedule Enforcer,"Prüft fällige Sanitationsaufgaben pro Facility-Zone (SOP-Referenz, Karenzzeit, Grace Period); setzt Quarantäne bei Missed-Sanitation.",Gateway,Facility,"Farm, QA",automatisiert,"Cron/Trigger → overdue_schedules, quarantine_flags",supabase/functions/sanitation-schedule-enforcer/index.ts,live,nein,BELEGT
GW-069,Geofencing – Zonen & Positions-Tracking,"Erstellt Geofence-Zonen (Name, Radius, Country); verfolgt Positions-Events und löst Zone-Enter/Exit-Events aus.",Gateway,Logistics,"Logistics, Regulierer",automatisiert,"lat/lng, zone_config → position_events, zone_entry/exit","supabase/functions/geofencing/index.ts (action=create_zone, record_position, track, zones)",live,nein,BELEGT
GW-070,Strain-Registrierung (Genetik IP),Registriert Cannabis-Strain in Genetik-IP-Registry mit Royalty-Konditionen; verknüpft mit Batch.,Gateway,Cultivation,"Züchter, Farm",automatisiert,"strain_name, breeder_data, royalty_percent → genetic_ip_id","src/pages/dashboard/StrainRegistrationWorkspace.tsx, src/hooks/use-strain-registration.ts",live,nein,BELEGT
GW-071,Genetik-Royalty-Router,Berechnet und leitet Royalty-Zahlung an Züchter bei Batch-Verkauf; berücksichtigt Lizenz-Overrides und Mindest-Royalties.,Gateway,Trade,System/intern,automatisiert,"batch_id, sale_amount → royalty_amount, breeder_payout_reference",supabase/functions/genetic-royalty-router/index.ts,im-Code,nein,BELEGT
GW-072,Preis-Intelligenz (Quick-Estimate),"Schätzt Marktpreis, Einkaufs- und Wiederverkaufspreis basierend auf Kategorie, Zertifizierung und THC/CBD-Werten.",Gateway,Trade,"Exporter, Trader, Importer",automatisiert,"category, certification, thc, cbd → price_range, recommended_purchase_price",supabase/functions/price-intelligence/index.ts,live,nein,BELEGT
GW-073,Target Market Analyse (Batch-Eligibility),"Bewertet für einen Batch welche Zielmärkte (EU-Länder, Asien) exportierbar sind anhand THC/CBD/Zertifikat/HS-Code-Regeln.",Gateway,Regulatory,"Exporter, Trader",automatisiert,"thc, cbd, certification, category → country_results (green/yellow/red, reasons)","supabase/functions/target-market-analysis/index.ts, src/pages/dashboard/TargetMarketAnalysis.tsx",live,nein,BELEGT
GW-074,Target Market Proxy (mit Cache),"Caching-Proxy für target-market-analysis; TTL 2 Min. für Analyse, 10 Min. für Regulierungs-Daten.",Gateway,Regulatory,Frontend,automatisiert,batch_params → cached market_analysis_result,supabase/functions/target-market-proxy/index.ts,live,nein,BELEGT
GW-075,Regulatory Monitor (Baseline + AI-Scan),Liefert regulatorische Updates aus DB oder Gateway-Baseline; AI-Scan-Modus schreibt neue Updates automatisch ein.,Gateway,Regulatory,"Admin, Exporter",AI-gestützt,action=get_updates/ai_scan → regulatory_updates,supabase/functions/regulatory-monitor/index.ts,live,nein,BELEGT
GW-076,Regulatory Gateway Dashboard,"Übersicht aktueller Regulierungs-Anforderungen, offener Permits und Compliance-Lücken.",Gateway,Regulatory,"Exporter, Auditor, Inspector",automatisiert,"Scope-Filter → Regulatory-Status, offene Aktionen",src/pages/dashboard/RegulatoryGateway.tsx,live,nein,BELEGT
GW-077,Regulatory Intelligence Dashboard,Aggregierte Regulatory-Intelligence aus Gateway + AICert + Marketplace mit Alert-Klassifikation.,Gateway,Regulatory,"Admin, Exporter",automatisiert,Quellen → kombinierter regulatory_feed,src/pages/dashboard/RegulatoryIntelligence.tsx,live,nein,BELEGT
GW-078,Regulatory Reporting,"Generiert regulatorische Berichte (Thai FDA, BfArM, zollamtliche Reports) für Behörden-Submission.",Gateway,Regulatory,"Exporter, Auditor, Farm",automatisiert,Reporting-Parameter → strukturierter Bericht,src/pages/dashboard/RegulatoryReporting.tsx,live,nein,BELEGT
GW-079,Compliance-Route-Konfigurator,"Konfiguriert optimale Compliance-Route (Thai GACP Bulk, EU Extraction, Pilot Validation etc.) basierend auf Produkt, Kunde und Markt; erzeugt Routing-Quote.",Gateway,Regulatory,"Exporter, Trader",automatisiert,"category, destination, customer_type → RouteKey, Routing-Warnings, Case-Type","supabase/functions/compliance-route-configurator/index.ts (action=catalog, quote, save)",live,nein,BELEGT
GW-080,Compliance Route Dashboard,Übersicht und Verwaltung aller konfigurierten Compliance-Routen nach Produkt und Zielmarkt.,Gateway,Regulatory,"Exporter, Importer, Auditor",automatisiert,"Filter → Route-Übersicht, Status",src/pages/dashboard/ComplianceRoutes.tsx,live,nein,BELEGT
GW-081,Compliance Action Blocker,"Enforce-Gate: blockiert kritische Aktionen (z.B. Batch-Listing, QP-Release) wenn GxP-Compliance-Voraussetzungen nicht erfüllt sind.",Gateway,Regulatory,System/intern,automatisiert,"action_type, batch_id → allowed/blocked, denial_reasons",supabase/functions/compliance-action-blocker/index.ts,live,nein,BELEGT
GW-082,Rule Engine – Regulatorische Regelauswertung,Wertet regulatory_rules-Tabelle gegen Batch-Payload aus; meldet Blockers (no_go/hold) und speichert Evaluation-History.,Gateway,Regulatory,System/intern,automatisiert,"batch_payload, rule_set → blockers, evaluation_status, evaluation_ids",supabase/functions/gateway-rule-engine-evaluate/index.ts,live,nein,BELEGT
GW-083,Readiness-Gatekeeper (Export-Freigabe),Feature-Gate: prüft ob Benutzer-Onboarding und Facility-Readiness für Export/CAPA/Facility-Planner-Funktionen vorliegen.,Gateway,Regulatory,"Exporter, Farm",automatisiert,"feature_key, user_id → allowed/blocked, missing_features",supabase/functions/readiness-gatekeeper/index.ts,live,nein,BELEGT
GW-084,Compliance Overview Dashboard,"Übergreifendes Compliance-Dashboard: offene Maßnahmen, Audit-Status, GxP-Lücken.",Gateway,Regulatory,"Admin, Auditor",automatisiert,"Scope → Compliance-Score, offene Lücken, Trend",src/pages/dashboard/ComplianceOverview.tsx,live,nein,BELEGT
GW-085,Golden Route TH-DE (Vollständige Export-Pipeline),"Geführte Ansicht der vollständigen Thailand→Deutschland-Export-Pipeline: Import-Cases, Batch-Passporte, Permits, Shipments, QP-Matches, Mengen-Ledger.",Gateway,Trade,"Exporter, Importer, Auditor",automatisiert,"selected_case_id → GoldenRoute-Evaluation, Permit-Status, QP-Matches","src/pages/dashboard/GoldenRouteTHDE.tsx, src/hooks/use-golden-route-th-de.ts",live,nein,BELEGT
GW-086,Export Foundation Checker,"Bewertet Exportbereitschaft anhand 7 Säulen (Strain-Reg, Lizenz, GACP, GMP, GS1, QP, Logistik); export_ready-Flag.",Gateway,Trade,"Exporter, Auditor",automatisiert,"Batch + Facility-Daten → export_readiness_axes, export_ready",src/pages/dashboard/ExportFoundation.tsx,live,nein,BELEGT
GW-087,Import-Workflow (Importer-seitig),"Importer verwaltet Import-Cases, Permit-Matching und Zoll-Abfertigung in geführtem Workflow.",Gateway,Trade,Importer,automatisiert,"Case-Daten → Import-Case-ID, Workflow-Status","src/pages/dashboard/ImportWorkflow.tsx, src/hooks/use-import-workflow.ts",live,nein,BELEGT
GW-088,Export Cases Management,Verwaltung und Detail-Ansicht aller Export-Cases inkl. Importer-Snapshot.,Gateway,Trade,"Exporter, Trader, Farm, Auditor",automatisiert,"Filter → Export-Case-Liste, Case-Detail, Importer-View","src/pages/dashboard/ExportCases.tsx, ExportCaseDetail.tsx, ImporterSnapshot.tsx",live,nein,BELEGT
GW-089,Trade Cases,"Übergreifende Trade-Case-Verwaltung für Exporter, Importer und Trader.",Gateway,Trade,"Exporter, Importer, Trader, Farm",automatisiert,"Trade-Case-Daten → Case-ID, Status-Tracking",src/pages/dashboard/TradeCases.tsx,live,nein,BELEGT
GW-090,Batch Trend-Analyse,"Statistische Trendanalyse über Chargen: Qualitätskennzahlen, Volumen, Preisentwicklung.",Gateway,Data/AI,"Exporter, Farm, Trader, Auditor",automatisiert,"Zeitraum-Filter → Trend-Charts, statistische KPIs",src/pages/dashboard/BatchTrendAnalysis.tsx,live,nein,BELEGT
GW-091,Risk Prediction Dashboard,"KI-gestützte Risikovorhersage für Chargen und Facility-Operationen (Compliance, Qualität, Markt).",Gateway,Data/AI,"Exporter, Auditor, Admin",AI-gestützt,"Scope-Parameter → risk_score, risk_categories, Empfehlungen",src/pages/dashboard/RiskPrediction.tsx,live,nein,BELEGT
GW-092,AI-Analyse Dashboard,"Übersicht KI-generierter Analysen: Batch-Reviews, Compliance-Checks, Abweichungserkennungen.",Gateway,Data/AI,"Exporter, Auditor",automatisiert,"User-Scope → AI-Analyse-Ergebnisse, Status",src/pages/dashboard/AIAnalysis.tsx,live,nein,BELEGT
GW-093,Performance Monitoring,"Plattform-Performance-Metriken: Edge-Function-Latenz, Fehlerquoten, API-Durchsatz (Admin only).",Gateway,Platform/Identity,Admin,automatisiert,"Zeitraum → Performance-KPIs, Fehler-Log",src/pages/dashboard/PerformanceMonitoring.tsx,live,nein,BELEGT
GW-094,Data Integrity Dashboard,"Überwacht Datenintegrität: Hash-Verifikation, fehlende Referenzen, Duplikate.",Gateway,Data/AI,"Admin, Auditor",automatisiert,"DB-Scan → Integritätsprobleme, Anomalie-Liste",src/pages/dashboard/DataIntegrity.tsx,live,nein,BELEGT
GW-095,Integrity Alert Proxy,Meldet Integritätsverletzungen an AICert-Webhook und verifiziert Ereignis-Integrität gegenüber AICert.,Gateway,Trust/Audit,"System/intern, Admin",automatisiert,"action=report/verify + event_data → AICert-Alert, verify_result",supabase/functions/integrity-alert-proxy/index.ts,live,nein,BELEGT
GW-096,Audit Status Proxy,Aggregiert Audit-Status aus AICert und liefert gecachte Daten; action=audit_status für Einzel-Audit.,Gateway,Trust/Audit,"Exporter, Auditor",automatisiert,"audit_id → Audit-Status, Findings",supabase/functions/audit-status-proxy/index.ts,live,nein,BELEGT
GW-097,Exporter Onboarding Wizard,"Geführter Onboarding-Workflow: Unternehmensdaten, Dokument-Upload, Rolle-Bestätigung, Status-Tracking.",Gateway,Platform/Identity,Neuer Exporter,automatisiert,"Formular-Daten + Dokumente → onboarding_application_id, Status","src/pages/dashboard/ExporterOnboarding.tsx, src/hooks/useExporterOnboarding.ts",live,nein,BELEGT
GW-098,Onboarding AI-Extract (Dokument-Analyse),"KI analysiert hochgeladene Onboarding-Dokumente (Handelsregister, Lizenzen, Zertifikate) und befüllt Onboarding-Formular automatisch.",Gateway,Platform/Identity,Neuer Exporter/Importer,AI-gestützt,Dokument-Upload (PDF/Bild) → strukturierte Onboarding-Felder,supabase/functions/onboarding-ai-extract/index.ts,live,nein,BELEGT
GW-099,Exporter Verifizierung (Admin),Admin-seitige Prüfung und Genehmigung/Ablehnung von Exporter-Onboarding-Anträgen.,Gateway,Platform/Identity,Admin,menschlich,"Onboarding-Antrag → approved/rejected, Begründung",src/pages/dashboard/ExporterVerification.tsx,live,nein,BELEGT
GW-100,Bewerbungsbestätigung per E-Mail,Sendet strukturierte Bestätigungs-E-Mail nach Onboarding-Antrag mit rollenspezifischen Workspace-Infos via Resend.,Gateway,Platform/Identity,Neuer Benutzer,automatisiert,"user_email, role, request_id → Bestätigungs-E-Mail (HTML)",supabase/functions/application-confirmation/index.ts,live,nein,BELEGT
GW-101,Rollen-Anfrage (Request Role Change),Benutzer beantragt Rollen-Änderung; Admin erhält E-Mail-Benachrichtigung mit workspace-spezifischen Bullet-Points.,Gateway,Platform/Identity,"Benutzer, Admin",automatisiert,"requested_role, user_data → Admin-E-Mail, request_id",supabase/functions/request-role-change/index.ts,live,nein,BELEGT
GW-102,Admin Rollen-Management,"Admin verwaltet Benutzerrollen: zuweisen, entziehen, deaktivieren (Ban), Profil-Edit; RBAC-Enforcement.",Gateway,Platform/Identity,Admin,automatisiert,"user_id, role → aktualisierte user_roles","src/pages/dashboard/AdminRoles.tsx, supabase/functions/admin-roles/index.ts",live,nein,BELEGT
GW-103,Rollen-Management (Gesamt),Übersicht aller Rollen und Benutzer-Zuordnungen; Bulk-Rollen-Operationen.,Gateway,Platform/Identity,Admin,automatisiert,"Filter → Rollen-Matrix, User-Liste",src/pages/dashboard/RolesManagement.tsx,live,nein,BELEGT
GW-104,Permission Matrix,Visuelle Matrix: welche Rollen welche Aktionen/Features dürfen; Read-only Audit-View.,Gateway,Platform/Identity,Admin,automatisiert,– → Rollen × Permissions Matrix,src/pages/dashboard/PermissionMatrix.tsx,live,nein,BELEGT
GW-105,Auth Sync (Cross-Platform),Synchronisiert Auth-State zwischen Gateway und anderen Cannaverse-Apps; entfernte validate/refresh-Actions.,Gateway,Platform/Identity,System/intern,automatisiert,Session-Token → Sync-Status,supabase/functions/auth-sync/index.ts,live,nein,BELEGT
GW-106,Cross-Login (App-übergreifend),"Generiert Magic-Link für SSO-Login in andere Cannaverse-App (Marketplace, AICert) aus Gateway-Session heraus.",Gateway,Platform/Identity,Eingeloggter Benutzer,automatisiert,Bearer-Token → login_url (Magic-Link für Ziel-App),supabase/functions/cross-login/index.ts,live,nein,BELEGT
GW-107,Cross-Platform API (Maschine-zu-Maschine),"M2M-API: Chargen anlegen, abrufen; Audit/Regulatory/Compliance/Notification-Sync-Events von anderen Apps entgegennehmen.",Gateway,Platform/Identity,"Marketplace, AICert (API-Key)",automatisiert,x-api-key + action → batch_id / sync_event_id,supabase/functions/cross-platform-api/index.ts,live,nein,BELEGT
GW-108,Cross-Platform Sync (Hook),"Frontend-Hook für M2M-Sync-Calls: auditSync, regulatorySync, complianceSync, notifySync.",Gateway,Platform/Identity,Frontend,automatisiert,Sync-Payload → sync_event_id,src/hooks/useCrossPlatformSync.ts,live,nein,BELEGT
GW-109,KYC Screening,Keyword-Pre-Screen gegen Watchlist-Begriffe; PEP-Deklaration; Sanctions-Hinweis; schreibt kyc_screening_cases.,Gateway,Regulatory,"Admin, Compliance",automatisiert,"company_name, identifiers, watchlist_terms → screening_status (clear/blocked/manual_review), kyc_case_id",supabase/functions/gateway-kyc-screen/index.ts,live,nein,BELEGT
GW-110,CRM Pipeline (HubSpot-fähig),"Deal-Pipeline mit Kontakt-Verwaltung, Stage-Management und optionalem HubSpot-Sync.",Gateway,Trade,"Admin, Trader",automatisiert,"action=pipeline/sync_contact/update_deal_stage → Pipeline-View, Kontakt-Record","supabase/functions/gateway-crm-integration/index.ts, src/pages/dashboard/CrmPipeline.tsx",live,nein,BELEGT
GW-111,Billing Dashboard & Invoice-Management,"Rechnungsverwaltung: Erstellen, Versenden, Bezahlen (Bank/Crypto/Manuel); Überfälligkeits-Check.",Gateway,Billing,"Admin, Exporter",automatisiert,"Invoice-Daten → invoice_id, Zahlungsstatus","src/pages/dashboard/Billing.tsx, supabase/functions/billing/index.ts",live,nein,BELEGT
GW-112,Invoice PDF-Generierung,"Generiert PDF-Rechnung mit GS1-Header, Positionen, Summen und Zahlungsinformationen (Bank/Crypto-Block).",Gateway,Billing,Admin,automatisiert,invoice_id + items → PDF-Binärdaten,supabase/functions/invoice-pdf/index.ts,live,nein,BELEGT
GW-113,Überfälligkeits-Checker (Cron),Cron-Function: prüft überfällige Rechnungen und sendet Mahnungs-E-Mail via Resend.,Gateway,Billing,Admin,automatisiert,"Datum-Check → overdue_invoices, Mahnungs-E-Mails",supabase/functions/check-overdue-invoices/index.ts,live,nein,BELEGT
GW-114,Stripe Webhook Verarbeitung,Empfängt Stripe-Zahlungs-Events (order.paid etc.) und schreibt Royalty-/Payment-Records; Blacklist-bedingt primär inaktiv.,Gateway,Billing,System/intern,automatisiert,Stripe-Event → genetic_royalty_payment_record,supabase/functions/stripe-webhook/index.ts,im-Code,nein,BELEGT
GW-115,Supplier Qualification,"Verwaltet Lieferanten-Qualifizierungsprozess: Erstbewertung, Audit-Termin, Zertifikat-Upload, Status.",Gateway,Sourcing,"Exporter, Admin",automatisiert,"Lieferantendaten → supplier_id, qualification_status","src/pages/dashboard/SupplierQualification.tsx, src/hooks/use-suppliers.ts",live,nein,BELEGT
GW-116,Import/Export Lizenzen,Verwaltung und Ablauf-Tracking von Import/Export-Lizenzen und Narcotics-Permits.,Gateway,Regulatory,"Exporter, Importer",automatisiert,"Lizenz-Daten → license_id, Ablauf-Alert","src/pages/dashboard/ImportExportLicenses.tsx, src/hooks/use-licenses.ts",live,nein,BELEGT
GW-117,Training Matrix (GxP-Schulungsplanung),Rollenbasierte Schulungs-Matrix: welche Rolle braucht welche Trainings mit Deadline und Status.,Gateway,Education,"Farm, Exporter, QA",automatisiert,"Rollen-Matrix → Trainings-Plan, Compliance-Status",src/pages/dashboard/TrainingMatrix.tsx,live,nein,BELEGT
GW-118,Training Records,"Persönliche Trainings-Nachweise: abgeschlossene Schulungen, Zertifikate, Gültigkeitsdaten.",Gateway,Education,Alle Rollen,automatisiert,"User-ID → Training-Records, Ablauf-Warnungen",src/pages/dashboard/TrainingRecords.tsx,live,nein,BELEGT
GW-119,E-Learning (GxP-Module),"Selbstgeführte E-Learning-Module zu GxP, GACP, GDP; strukturiert nach Rolle und Markt.",Gateway,Education,Alle Rollen,automatisiert,"Modulauswahl → Lernfortschritt, Completion-Zertifikat",src/pages/dashboard/ELearning.tsx,live,nein,BELEGT
GW-120,Knowledge Tests,Wissenstests nach E-Learning-Modulen mit automatischer Auswertung.,Gateway,Education,Alle Rollen,automatisiert,"Test-Antworten → Score, Pass/Fail","src/pages/dashboard/KnowledgeTests.tsx, src/pages/dashboard/education/KnowledgeTests.tsx",live,nein,BELEGT
GW-121,Live Classroom (Session Lobby),"Virtuelle Schulungsräume: Session-Planung, Teilnehmer-Registrierung, Status (scheduled/live/closed).",Gateway,Education,Alle Rollen,automatisiert,"session_id → Teilnehmer-Liste, Status",src/pages/dashboard/education/SessionsLobby.tsx,live,nein,BELEGT
GW-122,Live Classroom (Video-Session mit KI),Interaktive Video-Classroom-Session mit LiveKit-Token; KI-Assistent über classroom-ai Edge Function.,Gateway,Education,"Instructor, Teilnehmer",AI-gestützt,"room, session_id → LiveKit-Token, KI-Antworten","src/pages/dashboard/education/Classroom.tsx, supabase/functions/livekit-token/index.ts, supabase/functions/classroom-ai/index.ts",live,nein,BELEGT
GW-123,Session Notes & Chat KI,KI-gestützte Session-Notizen mit automatischer Zusammenfassung und Follow-up-Extraktion.,Gateway,Education,"Instructor, Auditor",AI-gestützt,"session_notes → KI-Zusammenfassung, Open-Follow-ups","supabase/functions/gateway-summarize-session/index.ts, src/hooks/use-session-notes.ts, use-session-chat.ts",live,nein,BELEGT
GW-124,Education Statistiken,"Plattform-weite Bildungs-KPIs: Completion-Rates, Testergebnisse, Engagement.",Gateway,Education,"Admin, Instructor",automatisiert,Zeitraum → Education-KPIs,src/pages/dashboard/education/Statistics.tsx,live,nein,BELEGT
GW-125,Education Landing (öffentlich),Öffentliche Education-Landingpage mit Modul-Vorschau und CTA für Account-Erstellung.,Gateway,Education,Extern,automatisiert,"– → Kurs-Übersicht, Signup-CTA",src/pages/EducationLanding.tsx,live,nein,BELEGT
GW-126,Komms-Bot-Router (AI-Chat-Kanal),"Multi-Channel-Messaging-Bot: empfängt Nachrichten über cw_channels, lädt Entity-Kontext und antwortet KI-gestützt.",Gateway,Support/BackOffice,Benutzer aller Rollen,AI-gestützt,"channel_id, message → KI-Antwort in Channel",supabase/functions/comms-bot-router/index.ts,live,nein,BELEGT
GW-127,Notification Dispatcher (Multi-Channel),"Sendet Event-Benachrichtigungen an konfigurierte Kanäle: Slack, Teams, Telegram, generischer Webhook.",Gateway,Support/BackOffice,"Admin, Abonnenten",automatisiert,"event_type, batch_data → Kanal-Nachrichten (Slack/Teams/Telegram/Webhook)",supabase/functions/notification-dispatcher/index.ts,live,nein,BELEGT
GW-128,E-Mail Versand (Transaktional),"Generischer Transaktions-E-Mail-Versand via Resend (Onboarding, Benachrichtigungen, Alerts).",Gateway,Support/BackOffice,Alle Rollen,automatisiert,"to, subject, html → Resend-Message-ID","supabase/functions/send-email/index.ts, send-notification-email/index.ts, notify-email/index.ts",live,nein,BELEGT
GW-129,Kontakt-E-Mail (öffentliches Formular),Öffentliches Kontaktformular sendet E-Mail an Support; CORS-gesichert.,Gateway,Support/BackOffice,Extern,automatisiert,"name, email, message → Support-E-Mail",supabase/functions/send-contact-email/index.ts,live,nein,BELEGT
GW-130,Resend Webhook (Bounce/Suppression),"Empfängt Resend-Webhook-Events (bounced, complained, failed) und setzt E-Mail-Status/Suppression.",Gateway,Support/BackOffice,System/intern,automatisiert,"Resend-Event → notification_status, suppression_list",supabase/functions/resend-webhook/index.ts,live,nein,BELEGT
GW-131,SMS-Alerts (Twilio),Sendet SMS-Alerts bei kritischen IoT/Compliance-Events an abonnierte Telefonnummern; Twilio oder Mock-Mode.,Gateway,Support/BackOffice,"Farm, Logistics, Admin",automatisiert,"event_type, device_data → SMS an Abonnenten",supabase/functions/sms-alerts/index.ts,live,nein,BELEGT
GW-132,WhatsApp-Alerts,Sendet WhatsApp-Nachrichten via Meta Business API bei kritischen Events; E-Mail-Fallback.,Gateway,Support/BackOffice,"Farm, Logistics, Admin",automatisiert,"event_type, recipient → WhatsApp-Nachricht oder E-Mail-Fallback",supabase/functions/whatsapp-alerts/index.ts,live,nein,BELEGT
GW-133,Telegram-Alerts & Channel-Abo,"Sendet Telegram-Alerts an Kanäle; verwaltet Subscriptions (chat_id, alert_types).",Gateway,Support/BackOffice,"Admin, Farm, Logistics",automatisiert,"event + chat_id → Telegram-Nachricht, subscription_id",supabase/functions/telegram-alerts/index.ts,live,nein,BELEGT
GW-134,LINE-Relay (Ingest),Empfängt LINE-Webhook-Events mit HMAC-Signatur-Verifikation; speichert in line_events; schreibt keine unvalidierten Events.,Gateway,Support/BackOffice,LINE-Benutzer,automatisiert,LINE-Webhook-Payload + x-line-signature → line_events,supabase/functions/line-relay/index.ts,live,nein,BELEGT
GW-135,LINE-Broadcast,Sendet Broadcast-Nachricht an LINE-Kanal-Abonnenten.,Gateway,Support/BackOffice,LINE-Abonnenten,automatisiert,"message, channel → LINE-Broadcast-Result",supabase/functions/line-broadcast/index.ts,live,nein,BELEGT
GW-136,LINE Source-Tracking,"Trackt LINE-User-Kontext (Persona, Entry-Token, Language) für personalisierte Bot-Antworten.",Gateway,Support/BackOffice,LINE-Benutzer,automatisiert,"userId, sourceId, entryToken → line_user_context, persona",supabase/functions/line-source-track/index.ts,live,nein,BELEGT
GW-137,Kontakt-Inbox (Dashboard),Admin-Inbox für eingehende Kontaktanfragen aus öffentlichem Formular.,Gateway,Support/BackOffice,Admin,automatisiert,– → Kontaktanfragen-Liste,src/pages/dashboard/ContactInbox.tsx,live,nein,BELEGT
GW-138,Benachrichtigungs-Center,"In-App Notification Center: Echtzeit-Notifications, gelesen/ungelesen, Filter nach Typ.",Gateway,Platform/Identity,Alle Rollen,automatisiert,"User-ID → Notifications-Liste, unread_count","src/pages/dashboard/Notifications.tsx, src/hooks/useNotifications.ts",live,nein,BELEGT
GW-139,Webhook Events (Send/Verify),Generisches Webhook-System: feuert Events an Central-Webhook-URL; Ping und Role-Check inklusive.,Gateway,Platform/Identity,"System/intern, Admin",automatisiert,"action=send/ping → event_id, Webhook-Status",supabase/functions/webhook-events/index.ts,live,nein,BELEGT
GW-140,Legal Acceptance & Consent,"Speichert Legal-Document-Acceptances (AGB, NDA, Data-Sharing, AI-Processing) und GDPR-Consents mit Zeitstempel.",Gateway,Regulatory,Alle Rollen,automatisiert,"documents[], consents[] → acceptance_ids",supabase/functions/legal-acceptance/index.ts,live,nein,BELEGT
GW-141,Consent Management Dashboard,Benutzer verwaltet GDPR-Einwilligungen und Data-Processing-Konsente; widerrufen/aktualisieren.,Gateway,Regulatory,Alle Rollen,automatisiert,"– → Consent-Liste, Widerruf",src/pages/dashboard/ConsentManagement.tsx,live,nein,BELEGT
GW-142,Signaturfang (Öffentliche Signatur-URL),Öffentliche Seite für Dokument-Signatur via magischem Token (DocuSign/DTrust-Redirect).,Gateway,Documents,Extern (Unterzeichner),automatisiert,token → Signatur-Formular,src/pages/SignatureCapture.tsx,live,nein,BELEGT
GW-143,Offline Sync Resolver (Farm-PWA),Empfängt offline-gequeuete Farm-Events (SQLite) und wendet sie auf kanonische Tabellen an; Konflikt-Erkennung und Deduplication.,Gateway,Cultivation,Farm (Field-Mode PWA),automatisiert,"offline_event_batch → applied_events, conflicts",supabase/functions/offline-sync-resolver/index.ts,live,nein,BELEGT
GW-144,InfinityYou AR-Gateway,Smart-Glasses AR-Backend: empfängt Kamera-Frames/Annotationen von InfinityYou OS; prüft GACP-Breach-Markers und Quarantäne-Zones; schreibt AR-Events.,Gateway,Facility,"InfinityYou OS, Farm-Inspector",automatisiert,"ar_observations, facility_id → ar_events, breach_flags",supabase/functions/infinityou-ar-gateway/index.ts,live,nein,BELEGT
GW-145,SAP Business One Integration,"Export von Batch-Daten nach SAP Business One: Purchase Order, Sales Order, Goods Receipt, Delivery Note als XML/JSON.",Gateway,Trade,Admin (SAP-Nutzer),automatisiert,"batch_id/shipment_id + action → SAP-Dokument-XML/JSON, export_log_id",supabase/functions/sap-integration/index.ts,im-Code,nein,BELEGT
GW-146,SAP S/4HANA Integration,OData/IDoc-Export nach SAP S/4HANA: generiert und optionally pusht OData-JSON oder IDoc-XML; Feld-Mappings konfigurierbar.,Gateway,Trade,Admin (SAP-Nutzer),automatisiert,"action=generate_odata/generate_idoc/push_odata → Export-Dokument, sap_export_log_id","supabase/functions/sap-s4hana/index.ts, src/pages/dashboard/SapS4Hana.tsx",im-Code,nein,BELEGT
GW-147,SAP Integration Dashboard,Übersicht SAP-Export-Logs für Business One und S/4HANA; Download-Funktion.,Gateway,Trade,Admin,automatisiert,"Filter → sap_export_log Liste, Download",src/pages/dashboard/SapIntegration.tsx,live,nein,BELEGT
GW-148,Business Partner Management,"Admin verwaltet Geschäftspartner (Importeure, Spediteure, Labs) mit Kontaktinfos und Partnertyp.",Gateway,Trade,Admin,automatisiert,Partner-Daten → partner_id,src/pages/dashboard/BusinessPartners.tsx,live,nein,BELEGT
GW-149,Team Management,"Verwaltung von Teammitgliedern, Einladungen und Rollen innerhalb einer Organisation.",Gateway,Platform/Identity,"Admin, Exporter",automatisiert,"team_member_data → invite_id, role",src/pages/dashboard/TeamManagement.tsx,live,nein,BELEGT
GW-150,HR & Recruiting,"Verwaltung offener Stellen, Bewerbungen und HR-Prozesse (Admin only).",Gateway,Support/BackOffice,Admin,automatisiert,"Job-Daten, Bewerbungen → HR-Records",src/pages/dashboard/HRRecruiting.tsx,live,nein,BELEGT
GW-151,Platform Settings (Admin),"Globale Plattform-Konfiguration: Feature-Flags, API-Keys, Integrationseinstellungen.",Gateway,Platform/Identity,Admin,automatisiert,Config-Werte → gespeicherte Settings,src/pages/dashboard/PlatformSettings.tsx,live,nein,BELEGT
GW-152,Admin Korrekturen,"Admin-Tool zur nachträglichen Datenkorrektur (Batch-Status, Fehler-Fix) mit Audit-Trail-Eintrag.",Gateway,Platform/Identity,Admin,menschlich,"Korrekturdaten → korrigierte Records, audit_trail",src/pages/dashboard/AdminCorrections.tsx,live,nein,BELEGT
GW-153,Verbindungsgesundheit (Connection Health),Dashboard für Cross-Platform-Verbindungsstatus: Gateway↔Marketplace↔AICert API-Health.,Gateway,Platform/Identity,Admin,automatisiert,– → connection_status pro App,src/pages/dashboard/ConnectionHealth.tsx,live,nein,BELEGT
GW-154,Dashboard Übersicht (Executive KPIs),"Zusammenfassende KPI-Übersicht: Chargen, Batches, Compliance-Score, aktive Cases.",Gateway,Platform/Identity,Alle Rollen,automatisiert,"User-Scope → KPI-Cards, Trend-Widgets","src/pages/dashboard/Overview.tsx, src/hooks/useDashboardStats.ts",live,nein,BELEGT
GW-155,Executive Command Center,"High-Level-Übersicht für Entscheider: kritische Alerts, Batch-Pipeline, Export-Readiness.",Gateway,Platform/Identity,"Exporter, Trader (Executive)",automatisiert,Scope → Executive-Dashboard mit kritischen Actions,src/pages/dashboard/ExecutiveCommandCenter.tsx,live,nein,BELEGT
GW-156,Governance Enforcement (Action Guard),Client-seitiger Governance-Guard: blockiert Aktionen anhand Policy-Rules via Supabase-Realtime-Locks.,Gateway,Platform/Identity,Frontend/System,automatisiert,GovernanceActionPolicy → allow/block,src/hooks/use-governance-enforcement.ts,live,nein,BELEGT
GW-157,Critical Path Tracker,Zeigt den kritischen Pfad offener Compliance-Maßnahmen bis zur Exportbereitschaft.,Gateway,Regulatory,"Exporter, Admin",automatisiert,User-Scope → CriticalPath-Items mit Deadline und Priorität,src/hooks/use-critical-path.ts,live,nein,BELEGT
GW-158,Onboarding Gate & Banner,Soft-Onboarding-Gate: leitet unvollständige Benutzer einmalig zum Onboarding; Banner bleibt sichtbar bis Genehmigung.,Gateway,Platform/Identity,Neuer Benutzer,automatisiert,onboarding_status → Redirect oder Banner,"src/App.tsx (OnboardingGate), src/hooks/useOnboardingGate.ts",live,nein,BELEGT
GW-159,Pharmacy Dispense,"Apotheker gibt Cannabis-Charge an Patient aus (BtM-Rezept-Pflicht, gxp_credentials pharmacist-Check, Securpharm-Trigger).",Gateway,Pharmacy,Apotheker,automatisiert,"batch_id, prescription_ref → dispense_record, Status-Transition",supabase/functions/pharmacy-dispense/index.ts,live,nein,BELEGT
GW-160,Pharmacy Receive,Apotheke quittiert Wareneingang vom Großhandel; DB-Trigger setzt ready_for_patient_dispense wenn Securpharm OK.,Gateway,Pharmacy,Apotheker,automatisiert,"batch_id, wholesaler_id → pharmacy_receipt_id, Status",supabase/functions/pharmacy-receive/index.ts,live,nein,BELEGT
GW-161,Proof Moments (Admin-Audit-Trail-Snapshot),Admin-Tool: erstellt timestamped Snapshot-Beweise für kritische Plattform-Zustände.,Gateway,Trust/Audit,Admin,automatisiert,Trigger → Proof-Snapshot-Record,src/pages/dashboard/ProofMoments.tsx,live,nein,BELEGT
GW-162,Golden Path Demo,Admin-Demo-Mode für den gesamten Export-Golden-Path (geführte Simulation).,Gateway,Platform/Identity,Admin,menschlich,Demo-Trigger → geführte Step-by-Step-Demo,src/pages/dashboard/GoldenPathDemo.tsx,live,nein,BELEGT
GW-163,Batch Traceability Auditor,Vollständige Traceability-Prüfung einer Charge von Anbau bis Abgabe; Lückenanalyse.,Gateway,Trust/Audit,"Auditor, Regulierer",automatisiert,"batch_id → Traceability-Report, Lücken",supabase/functions/traceability-auditor/index.ts,live,nein,BELEGT
GW-164,Batch Operations (Shipment & Trade-Case-Verwaltung),"Verwaltung von Shipments und Trade-Cases auf Batch-Ebene: Erstellen, Status-Update, Verknüpfung.",Gateway,Trade,"Exporter, Logistics, Admin",automatisiert,"Batch+Shipment-Daten → shipment_id, trade_case_id",supabase/functions/batch-operations/index.ts,live,nein,BELEGT
GW-165,Dokumenten-Vault (Dashboard),"Verwaltung und Download aller Compliance-Dokumente (CoA, Licences, Certificates) einer Organisation.",Gateway,Documents,Alle Rollen,automatisiert,"Filter → Dokument-Liste, Download-Link",src/pages/dashboard/Documents.tsx,live,nein,BELEGT
GW-166,AI-gestützte Dokumentenanalyse (Hook),"Frontend-Hook für Dokumenten-Upload und KI-Analyse (Onboarding, CoA, License) mit Status-Tracking.",Gateway,Data/AI,"Exporter, Farm",AI-gestützt,"file_upload → ai_extraction_result, document_type",src/hooks/useDocumentAI.ts,live,nein,BELEGT
GW-167,Compliance Gaps Übersicht,"Hook/UI-Komponente die offene Compliance-Lücken (fehlende Dokumente, abgelaufene Zertifikate) aggregiert.",Gateway,Regulatory,"Exporter, Auditor",automatisiert,Scope → compliance_gaps mit Priorität,src/hooks/use-compliance-gaps.ts,live,nein,BELEGT
GW-168,Import-Seite (öffentlich),Öffentliche Informationsseite zum Importprozess (Zielgruppe: EU-Importeure).,Gateway,Marketing/GTM,EU-Importeur (Extern),automatisiert,"– → Prozessübersicht, CTA",src/pages/Import.tsx,live,nein,BELEGT
GW-169,Solutions Seite (öffentlich),Öffentliche Produkt-/Lösungsübersicht für Stakeholder.,Gateway,Marketing/GTM,Extern,automatisiert,– → Lösungs-Beschreibungen,src/pages/Solutions.tsx,live,nein,BELEGT
GW-170,Compliance Service Detail (öffentlich),SEO-optimierte Detail-Seiten für jeden Compliance-Service (slug-basiert).,Gateway,Marketing/GTM,Extern,automatisiert,serviceSlug → Service-Detail-Inhalt,src/pages/compliance/ServiceDetail.tsx,live,nein,BELEGT
GW-171,InfinityYou Produktseite (öffentlich),Öffentliche Seite für InfinityYou Smart-Glasses-OS-Produkt.,Gateway,Marketing/GTM,Extern,automatisiert,– → Produkt-Beschreibung,src/pages/Infinityou.tsx,live,nein,BELEGT
GW-172,Field Mode PWA (Offline-Farm-UI),Progressive Web App Feld-Modus: Offline-fähige Farm-UI für Sensor-Eingabe und Chargenpflege ohne Internet.,Gateway,Cultivation,Farm-Worker,automatisiert,Offline-Formulare → offline_sync_queue (→ Sync bei Verbindung),src/pages/FieldMode.tsx,live,nein,BELEGT
SDK-001,Marketplace Batch auflisten,"SDK-Methode: listet Marketplace-Chargen mit optionalem Filter (status, category, certification, market).",Marketplace,Trade,"Marketplace-Frontend, externe Integrationen",automatisiert,"filters → {batches[], count}",cannaworld-sdk/src/marketplace-api.ts listMarketplaceBatches,live,nein,BELEGT
SDK-002,Marketplace Batch-Detail,SDK: ruft einzelne Batch-Details aus dem Marketplace ab.,Marketplace,Trade,Marketplace-Frontend,automatisiert,batch_id → MarketplaceBatch,cannaworld-sdk/src/marketplace-api.ts getMarketplaceBatch,live,nein,BELEGT
SDK-003,Marketplace KPI-Stats,"SDK: liefert Marketplace-KPIs (total_batches, listed, exporters, categories, certifications).",Marketplace,Data/AI,Marketplace-Dashboard,automatisiert,– → MarketplaceStats,cannaworld-sdk/src/marketplace-api.ts getMarketplaceStats,live,nein,BELEGT
SDK-004,Marketplace Order erstellen (SDK),SDK: platziert Bestellung auf Marketplace-Batch.,Marketplace,Trade,Marketplace-Frontend,automatisiert,"batch_id, quantity, notes → order_id, status",cannaworld-sdk/src/marketplace-api.ts createMarketplaceOrder,live,nein,BELEGT
SDK-005,Marketplace Order aktualisieren (SDK),SDK: aktualisiert Order-Status.,Marketplace,Trade,"Marketplace-Frontend, System",automatisiert,"order_id, status → order",cannaworld-sdk/src/marketplace-api.ts updateMarketplaceOrder,live,nein,BELEGT
SDK-006,Audit-Sync (SDK),SDK: schreibt Audit-Sync-Event vom Marketplace nach Gateway (action=audit_sync).,übergreifend,Trust/Audit,Marketplace-System,automatisiert,"batch_id, event_type, status-changes → SyncEnvelope",cannaworld-sdk/src/marketplace-api.ts auditSync,live,nein,BELEGT
SDK-007,Regulatory Sync (SDK),SDK: propagiert regulatorischen Alert aus Gateway nach Marketplace.,übergreifend,Regulatory,Marketplace-System,automatisiert,"title, country_code, severity → SyncEnvelope",cannaworld-sdk/src/marketplace-api.ts regulatorySync,live,nein,BELEGT
SDK-008,Compliance Score Sync (SDK),SDK: synchronisiert Compliance-Score-Änderung einer Charge an Marketplace.,übergreifend,Quality/GxP,Marketplace-System,automatisiert,"batch_id, old_score, new_score → SyncEnvelope",cannaworld-sdk/src/marketplace-api.ts complianceSync,live,nein,BELEGT
SDK-009,Notification Sync (SDK),SDK: sendet Cross-Platform-Benachrichtigung an Marketplace-Benutzer.,übergreifend,Platform/Identity,Marketplace-Benutzer,automatisiert,"title, message, target_user_email → {success}",cannaworld-sdk/src/marketplace-api.ts notifySync,live,nein,BELEGT
SDK-010,Verbindungs-Status prüfen (SDK),SDK: prüft Cross-Platform-Verbindungsstatus (Gateway↔Marketplace↔AICert).,übergreifend,Platform/Identity,Admin-Dashboard,automatisiert,"– → platform, connections{status}",cannaworld-sdk/src/marketplace-api.ts checkConnectionStatus,live,nein,BELEGT
SDK-011,Zertifikat-Verifikation via Marketplace (SDK),SDK: verifiziert Zertifikat über Marketplace→AICert-Kanal.,übergreifend,Trust/Audit,"Extern, Marketplace",automatisiert,"certificate_number → {verified, certificate}",cannaworld-sdk/src/marketplace-api.ts verifyCertificateViaMarketplace,live,nein,BELEGT
SDK-012,Audit Query via Marketplace (SDK),"SDK: fragt AICert-Audit-Daten über Marketplace-Kanal ab (Einzel-Audit, Company-Audits).",übergreifend,Trust/Audit,"Marketplace, Gateway",automatisiert,"sub_action, audit_id/company_id → JsonRecord",cannaworld-sdk/src/marketplace-api.ts auditQuery,live,nein,BELEGT
SDK-013,Regulatory Updates aggregieren (SDK),SDK-Regulatory-API: aggregiert Regulatory-Updates aus AICert + Marketplace in einer kombinierten Antwort.,übergreifend,Regulatory,"Gateway-Frontend, Marketplace",automatisiert,"– → {ai_cert, marketplace, combined[]}",cannaworld-sdk/src/regulatory-api.ts aggregateRegulatoryUpdates,live,nein,BELEGT
SDK-014,Regulatory Alert synchronisieren (SDK),SDK: sendet Regulatory-Alert von Gateway an Regulatory-Proxy.,übergreifend,Regulatory,System/intern,automatisiert,alert_data → {success},cannaworld-sdk/src/regulatory-api.ts syncRegulatoryAlert,live,nein,BELEGT
SDK-015,Regulatory Updates abrufen – Quelle (SDK),SDK: ruft Regulatory-Updates aus einer spezifischen Quelle ab (ai-cert oder marketplace).,übergreifend,Regulatory,Gateway-Frontend,automatisiert,source → {updates[]},cannaworld-sdk/src/regulatory-api.ts getRegulatoryUpdates,live,nein,BELEGT
SDK-016,AICert AI-Scan triggern (SDK),SDK: löst AI-Regulatory-Scan auf AICert aus; speichert neue Updates.,übergreifend,Regulatory,Admin,AI-gestützt,"– → {updates[], stored}",cannaworld-sdk/src/regulatory-api.ts triggerAiCertScan,live,nein,BELEGT
SDK-017,Marketplace AI-Scan triggern (SDK),SDK: löst AI-Regulatory-Scan auf Marketplace aus; speichert Alerts.,übergreifend,Regulatory,Admin,AI-gestützt,"– → {alerts[], stored_count}",cannaworld-sdk/src/regulatory-api.ts triggerMarketplaceScan,live,nein,BELEGT
SDK-018,Target Market Analyse – Batch-Eligibility (SDK),SDK: analysiert Batch-Parameter gegen Regulierungs-Datenbank; gibt Länder-Ergebnis (green/yellow/red) zurück.,übergreifend,Regulatory,"Marketplace, Gateway-Frontend",automatisiert,"thc, cbd, certification, category → MarketAnalysisResult{country_results}",cannaworld-sdk/src/target-market-api.ts analyzeTargetMarkets,live,nein,BELEGT
SDK-019,Regulierungs-Daten abrufen (SDK),"SDK: liefert vollständige Regulierungs-Datenbank (alle Länder, Grenzwerte, Verbote).",übergreifend,Regulatory,"Marketplace, Gateway-Frontend",automatisiert,– → {regulations{}},cannaworld-sdk/src/target-market-api.ts getRegulations,live,nein,BELEGT
SDK-020,Regulatory AI-Scan (SDK-Target-Market),SDK: startet AI-Scan über Target-Market-Proxy für neue Regulatory-Alerts.,übergreifend,Regulatory,Admin,AI-gestützt,– → {alerts[]},cannaworld-sdk/src/target-market-api.ts runRegulatoryAiScan,live,nein,BELEGT
AC-001,ShinrAi Export-Validierung,"KI-gestützte Batch-Dossier-Prüfung gegen 47-Länder-Regulatorik (THC-Limits, QP-Pflicht, Mikrobiologie ISO 17025, Batch-IDs, Ablaufdaten, Tamper-Erkennung); gibt Export-Clearance-Status CLEARED/BLOCKED/PARTIAL + ShinrAi-Score 0-100 zurück",AICert,Quality/GxP,Exporteur/Facility,AI-gestützt,"IN: batch_id, destination_country, Geo-Daten / OUT: shinrai_score, checks[], export_clearance, shinrai_certificate_id",/Users/gm/.openclaw/workspace/cannaworld-aicert/supabase/functions/shinrai-validate/index.ts,live,nein,BELEGT
AC-002,ShinrAi Länder-Anforderungs-Lookup,"GET-Endpunkt liefert alle 47 unterstützten Importländer mit THC-Limit, Importbehörde, QP-Pflicht-Flag; Single Source of Truth aus regulatory-limits.ts",AICert,Regulatory,Plattform-intern / API-Nutzer,automatisiert,"IN: (none) / OUT: countries[], total",/Users/gm/.openclaw/workspace/cannaworld-aicert/supabase/functions/shinrai-validate/index.ts (Pfad /countries),live,nein,BELEGT
AC-003,AI Audit-Chat (GMP/GDP-Compliance-Chat),"Multimodaler Compliance-Experten-Chat: analysiert Audit-Checklisten, Bilder (GMP-Hygiene, Anlagenzustand), erstellt Zusammenfassungen; unterstützt DE/EN/TH/ZH; Modell-Routing Gemini/GPT/Claude mit Vision-Override",AICert,Trust/Audit,Auditor / QP / Facility-Manager,AI-gestützt,"IN: messages[], images_base64[], modelProvider, lang / OUT: AI-Antwort-Text mit Ampel-Bewertung",/Users/gm/.openclaw/workspace/cannaworld-aicert/supabase/functions/audit-ai/index.ts,live,nein,BELEGT
AC-004,Document-AI Analyse,"Dokumenttyp-spezifische KI-Prüfung: CoA (THC-Limits, Schwermetalle, Mikrobiologie, ISO 17025), SOP (EU-GMP Kap. 4, ALCOA+), Batch Record (EU-GMP Kap. 4&5), Audit Report (Critical/Major/Minor); Cached System Prompts pro Typ; Output: strukturierte Gap-Analyse + Score",AICert,Documents,QA-Manager / Auditor,AI-gestützt,"IN: document_type, file/text, lang / OUT: Befundliste, EU-Import Readiness Score",/Users/gm/.openclaw/workspace/cannaworld-aicert/supabase/functions/document-ai/index.ts,live,nein,BELEGT
AC-005,CAPA-AI Engine,"KI-gestützte Root-Cause-Analyse (5-Why, Ishikawa 6M, FMEA/RPN), Korrektur- und Präventivmaßnahmen-Generierung nach EU-GMP Kap. 1&8 / ICH Q9/Q10; Efektivitätsprüfungs-KPIs; Modell-Routing Gemini-first",AICert,Quality/GxP,QA-Manager / CAPA-Owner,AI-gestützt,"IN: deviation/finding, context / OUT: root_cause, corrective_actions[], preventive_actions[], effectiveness_criteria[]",/Users/gm/.openclaw/workspace/cannaworld-aicert/supabase/functions/capa-ai/index.ts,live,nein,BELEGT
AC-006,Video-Audit Frame-Analyse,"KI-Analyse von Video-Walkthrough-Contact-Sheets (1000+ Frames aus 25-Min-Rundgang); erkennt GMP-Zonen, Hygienemängel, Dokumentations-Probleme; Output: per-frame findings, Zone-Compliance-Score, AI-Report",AICert,Trust/Audit,Auditor / Remote-Inspector,AI-gestützt,"IN: frames[], contact_sheets[], zone_manifest / OUT: per_frame_findings, zone_scores, report_text",/Users/gm/.openclaw/workspace/cannaworld-aicert/supabase/functions/video-analysis/index.ts,live,nein,BELEGT
AC-007,Facility AI Planner,"Generiert 3 Facility-Layout-Szenarien (Budget/Standard/Premium) nach EU-GMP Annex 1/15, GACP; berücksichtigt unidirektionalen Materialfluss, Druckkaskade, Multi-Story, vertikale Kultivierung, KI-Kamera-Grid (InfinityOU OS), Drohnen-Korridore, Jurisdiktion TH/DE/EU/US",AICert,Facility,Facility-Designer / Investor,AI-gestützt,"IN: FacilityPlannerParams (Fläche, Kultivierungstyp, Operationen, GMP-Framework, Jurisdiktion) / OUT: 3 JSON-Layout-Szenarien",/Users/gm/.openclaw/workspace/cannaworld-aicert/supabase/functions/facility-ai-planner/index.ts,live,nein,BELEGT
AC-008,Risiko-Prediktion (AI Dashboard Insights),"Aggregiert Auditscores, CAPAs, Deviationen, SOPs, Training, Supplier-Daten zu einem ganzheitlichen Risiko-Profil; KI generiert priorisierte Risiko-Predictions mit Wahrscheinlichkeit/Impact/Zeitrahmen/Kategorie",AICert,Data/AI,QA-Lead / Management,AI-gestützt,"IN: (user auth) / OUT: predictions[], generatedAt",/Users/gm/.openclaw/workspace/cannaworld-aicert/supabase/functions/risk-prediction/index.ts,live,nein,BELEGT
AC-009,SOP-Generierung,"KI-generiert vollständige SOP-Inhalte nach EU-GMP Annex 11, ALCOA+, ICH Q10 auf Basis von Titel/Kategorie/Abteilung/Risikostufe; Output als strukturiertes JSON mit section-Content",AICert,Documents,QA-Manager / SOP-Author,AI-gestützt,"IN: title, category, department, risk_level, sections[] / OUT: {sections: {type: content}}",/Users/gm/.openclaw/workspace/cannaworld-aicert/supabase/functions/generate-sop/index.ts,live,nein,BELEGT
AC-010,Policy Impact Analyzer,KI analysiert neue regulatorische Entwicklungen (EU-GMP/GDP/GACP) gegen existierende SOPs und bewertet Impact; liefert Relevanz-Score und Handlungsempfehlungen,AICert,Regulatory,Regulatory Affairs / QA,AI-gestützt,"IN: policy_text/update / OUT: impact_analysis, affected_sops[], recommendations",/Users/gm/.openclaw/workspace/cannaworld-aicert/supabase/functions/policy-impact-analyzer/index.ts,live,nein,BELEGT
AC-011,Regulatory Watch / Regulatory Briefing,"Überwacht regulatorische Änderungen, generiert aktuelle Briefings zu EU-GMP/CanG/BtMG-Entwicklungen für das Compliance-System; konfiguriert gegen aktiven SOP-Bestand",AICert,Regulatory,Regulatory Affairs,AI-gestützt,"IN: (cron/manual trigger) / OUT: regulatory_updates[], briefing_text",/Users/gm/.openclaw/workspace/cannaworld-aicert/supabase/functions/regulatory-watch/index.ts,live,nein,BELEGT
AC-012,Remote QP Teleaudit (AR-Stream-Enrichment),"Verknüpft EU-Auditor/QP mit Thai AR-Headset-Session über LiveKit; enriched AR-Frames mit Live-IoT-Sensor-Daten (Temp/RH) und SOP-Overlays; Actions: create_session, start, enrich_ar_stream, request_signoff, qp_signoff, get_session",AICert,Trust/Audit,EU-QP / Thai Facility-Operator,AI-gestützt,"IN: audit_id, facility_id, AR-Metadaten-Frame / OUT: enriched_frame, IoT-Readings, SOP-Overlays, Signoff-Status",/Users/gm/.openclaw/workspace/cannaworld-aicert/supabase/functions/remote-qp-teleaudit/index.ts,live,nein,BELEGT
AC-013,Audit-Session KI-Zusammenfassung,Generiert strukturierte AI-Zusammenfassung einer abgeschlossenen Audit-Session aus Session-Daten; erfordert session_id,AICert,Trust/Audit,Auditor / QP,AI-gestützt,"IN: session_id / OUT: summary_text, key_findings[]",/Users/gm/.openclaw/workspace/cannaworld-aicert/supabase/functions/aicert-summarize-session/index.ts,live,nein,BELEGT
AC-014,EMVS Serialisierung & Registrierung,"European Medicines Verification System (EMVS/NMVS) Integration: generiert GS1-konforme 18-stellige Seriennummern, registriert Seriennummern beim NMVS, verifiziert Serialisierungs-Status; Actions: generate_serialization, register_product, decommission, GET verify",AICert,Regulatory,Hersteller / Importeur,automatisiert,"IN: batch_id, serial_numbers[] / OUT: nmvs_transaction_id, status",/Users/gm/.openclaw/workspace/cannaworld-aicert/supabase/functions/emvs-integration/index.ts,live,nein,BELEGT
AC-015,EudraGMDP Verifikation,"Verifiziert EU-GMP-Zertifikate gegen EudraGMDP-Datenbank; Actions: verify, batch_verify; prüft Gültigkeit von Hersteller-/Importeur-GMP-Zertifikaten",AICert,Regulatory,QP / Importeur,automatisiert,"IN: certificate_id/gmp_cert_number / OUT: {registered, valid, details}",/Users/gm/.openclaw/workspace/cannaworld-aicert/supabase/functions/eudragmdp-verify/index.ts,live,nein,BELEGT
AC-016,GS1 Registry (GTIN-Verwaltung),"GS1-GTIN-Verwaltung: validate_gtin, generate_gtin, register_product, GET lookup (GTIN-Lookup), GET status; Produkt-Registrierung im GS1-System für Cannabis-Batches",AICert,Logistics,Hersteller / Exporteur,automatisiert,"IN: action, gtin/product_data / OUT: gtin, registered, transaction_id",/Users/gm/.openclaw/workspace/cannaworld-aicert/supabase/functions/gs1-registry/index.ts,live,nein,BELEGT
AC-017,LIMS Integration (CoA-Parse & QP-Release),"LIMS-Anbindung: parse-coa (KI-Parse eines CoA-PDFs aus URL), request-qp-release (triggert QP-Freigabe aus Lab-Ergebnis); Speichert lab_results in Supabase",AICert,Quality/GxP,Laborleiter / QP,AI-gestützt,"IN: coa_url / batch_id / OUT: parsed_coa_data, qp_release_status",/Users/gm/.openclaw/workspace/cannaworld-aicert/supabase/functions/lims-integration/index.ts,live,nein,BELEGT
AC-018,LIMS Webhook Empfang,Empfängt eingehende Webhook-Events vom externen LIMS-System und persistiert Lab-Ergebnisse in Supabase,AICert,Quality/GxP,LIMS-System (extern),automatisiert,IN: webhook_payload (lab results) / OUT: stored lab_result,/Users/gm/.openclaw/workspace/cannaworld-aicert/supabase/functions/lims-webhook/index.ts,live,nein,BELEGT
AC-019,Trolmaster IoT Integration,"Trolmaster Hydro-X/Aqua-X IoT-Gerätedaten: Temperatur, Luftfeuchte, CO2, VPD, Licht, pH, EC, Sauerstoff; Mock-Mode ohne API-Key; Echtzeit-Sensor-Streaming für Cultivation-Monitoring",AICert,Cultivation,Grow-Manager / QA,automatisiert,"IN: device_id, action / OUT: readings[], device_status",/Users/gm/.openclaw/workspace/cannaworld-aicert/supabase/functions/trolmaster-integration/index.ts,live,nein,BELEGT
AC-020,D-Trust QES (Qualifizierte Elektronische Signatur),"D-Trust sign-me QES-Integration: generate_qp_document, create_signing_request, verify_signature, initiate_oauth, oauth_callback, list; QR-Verifizierung public; Blockchain-TX-Hash-Verknüpfung; Mock ohne API-Key",AICert,Documents,QP / Auditor,automatisiert,"IN: action, document_hash, batch_data / OUT: signature_id, qes_certificate, verification_result",/Users/gm/.openclaw/workspace/cannaworld-aicert/supabase/functions/dtrust-signing/index.ts,live,nein,BELEGT
AC-021,DocuSign Integration,DocuSign eSignature-Integration für Compliance-Dokumente und Verträge,AICert,Documents,QP / Vertragspartner,automatisiert,"IN: document_data, signers / OUT: envelope_id, signing_url",/Users/gm/.openclaw/workspace/cannaworld-aicert/supabase/functions/docusign-integration/index.ts,im-Code,nein,BELEGT
AC-022,QMS Signature Verifier,Verifiziert QMS-Signaturen auf Audit-Reports und Compliance-Dokumenten; öffentlicher Verifikations-Endpunkt für Käufer,AICert,Documents,Importeur / Käufer,automatisiert,"IN: signature_id / OUT: valid, signer_info, document_hash",/Users/gm/.openclaw/workspace/cannaworld-aicert/supabase/functions/qms-signature-verifier/index.ts,live,nein,BELEGT
AC-023,Marketplace Listing Management,"Verwaltung von Cannabis-Batch-Listings: upsert, mark_reserved, mark_sold, remove; GET single listing public; interne Compliance-Prüfung vor Listing-Aktivierung",AICert,Trade,Seller / Admin,automatisiert,"IN: action, listing_data / OUT: listing_id, status",/Users/gm/.openclaw/workspace/cannaworld-aicert/supabase/functions/marketplace-listing/index.ts,live,nein,BELEGT
AC-024,Specification Matching Engine,"Matching-Engine: vergleicht Batch-CoA-Daten (lab_results) gegen Importer-Spezifikationen (importer_specifications); liefert {matches, score 0-100, gaps[]}; Batch-Mode: 1 Spec gegen alle verfügbaren Lab-Ergebnisse",AICert,Trade,Importeur / Marketplace,automatisiert,"IN: batch_id/spec_id / OUT: matches, score, gaps[]",/Users/gm/.openclaw/workspace/cannaworld-aicert/supabase/functions/match-specifications/index.ts,live,nein,BELEGT
AC-025,Importer-Spezifikationen CRUD,"CRUD-Verwaltung der importer_specifications-Tabelle; Actions: get, list, create, update, delete, set-active; Scoped zu authentifiziertem User (RLS)",AICert,Trade,Importeur,automatisiert,"IN: action, spec_data / OUT: spec_object",/Users/gm/.openclaw/workspace/cannaworld-aicert/supabase/functions/importer-specs/index.ts,live,nein,BELEGT
AC-026,Sample Tracking Lifecycle,Proben-Lifecycle-Management mit definierten Status-Übergängen: planned→collected→sealed→in_transit→received_by_lab→in_analysis→results_available→approved/rejected→retained/disposed,AICert,Quality/GxP,Labor / QC-Manager,automatisiert,"IN: sample_id, action, status_transition / OUT: sample_status, history[]",/Users/gm/.openclaw/workspace/cannaworld-aicert/supabase/functions/sample-tracking/index.ts,live,nein,BELEGT
AC-027,AI Data Connector (MCP/OpenAPI),"Öffentliche GMP-AICert-API mit MCP-Endpunkt und OpenAPI-Spec: Endpunkte /summary, /search, /audits, /audits/{id}, /facilities, /facilities/{id}, /certificates, /reports; Rate-Limit pro Key; Scope-Prüfung ai_connector; MCP-Protocol für externe AI-Agents",AICert,Data/AI,Externe AI-Systeme / API-Kunden,automatisiert,"IN: API-Key, query-params / OUT: strukturierte Compliance-Daten",/Users/gm/.openclaw/workspace/cannaworld-aicert/supabase/functions/ai-data-connector/index.ts,live,nein,BELEGT
AC-028,Audit-Report Generierung,Generiert Closing-Report aus Audit-Session-Daten (PDF/HTML + JSON); Action: generate; verknüpft mit Blockchain-TX-Hash für Integrität,AICert,Trust/Audit,Auditor / QP,automatisiert,"IN: batch_id, format / OUT: audit_report (PDF/HTML)",/Users/gm/.openclaw/workspace/cannaworld-aicert/supabase/functions/audit-report/index.ts,live,nein,BELEGT
AC-029,Audit Status API,Öffentliche Audit-Status-Abfrage-API für externe Systeme und Käufer,AICert,Trust/Audit,Externe Systeme / Käufer,automatisiert,"IN: batch_id/audit_id / OUT: audit_status, score, ampel",/Users/gm/.openclaw/workspace/cannaworld-aicert/supabase/functions/audit-status-api/index.ts,live,nein,BELEGT
AC-030,Zertifikat-Verifikation (Public),Öffentliche Zertifikat-Verifikation für Käufer/Inspektoren; prüft GMP/GACP-Zertifikat-Gültigkeit und Integrität,AICert,Trust/Audit,Käufer / Inspektor / Öffentlichkeit,automatisiert,"IN: certificate_id / OUT: valid, certificate_details, blockchain_hash",/Users/gm/.openclaw/workspace/cannaworld-aicert/supabase/functions/verify-certificate/index.ts,live,nein,BELEGT
AC-031,Zertifikat-Ablauf-Check,Automatisierter Check aller Zertifikate auf Ablaufdaten; triggert Compliance-Warnungen vor Ablauf,AICert,Quality/GxP,QA-Manager / Admin,automatisiert,"IN: (cron trigger) / OUT: expiring_certificates[], alerts[]",/Users/gm/.openclaw/workspace/cannaworld-aicert/supabase/functions/certificate-expiry-check/index.ts,live,nein,BELEGT
AC-032,Compliance-Erinnerungen (automatisiert),"Automatisierter Reminder-Service für Compliance-Deadlines: Audit-Termine, CAPA-Fälligkeiten, SOP-Reviews, Zertifikats-Ablauf",AICert,Platform/Identity,QA-Manager / Facility-Nutzer,automatisiert,IN: (cron trigger) / OUT: notifications[],/Users/gm/.openclaw/workspace/cannaworld-aicert/supabase/functions/compliance-reminders/index.ts,live,nein,BELEGT
AC-033,Concierge Buchung (Farm-Visit),Facility-Besuchsbuchungs-System: Auditor bucht Farm-Visit-Termin; tokenisierte öffentliche Buchungs-URL pro Facility,AICert,Advisory,Auditor / Concierge-Client,automatisiert,"IN: facility_id, appointment_data / OUT: booking_confirmation, visit_pass",/Users/gm/.openclaw/workspace/cannaworld-aicert/supabase/functions/concierge-book/index.ts,live,nein,BELEGT
AC-034,Concierge Dossier-Berechnung,"Berechnet nach Fragebogen-Submit intern: Readiness-Score, Gap-Baseline, Effort-Tage, Cost-Band, Time-to-Cert, Lead-Score, Deal-Value; schreibt visit_dossiers (intern, RLS-gesperrt für Kunde), farm_profiles, crm_contacts; Kunde sieht Ergebnis nie direkt",AICert,Advisory,Sales / Concierge-Team,automatisiert,"IN: questionnaire_answers / OUT: (intern gespeichert: dossier, farm_profile, crm_contact)",/Users/gm/.openclaw/workspace/cannaworld-aicert/supabase/functions/concierge-compute-calc/index.ts,live,nein,BELEGT
AC-035,Concierge Fragebogen-Einladung,Staff-only E-Mail mit mehrsprachigem (DE/EN/TH/ZH) tokenisiertem Fragebogen-Link pro Facility; Einladung zur Pre-Audit-Selbstauskunft,AICert,Advisory,Facility-Kontakt,automatisiert,"IN: facility_id, contact_email, lang / OUT: email sent, token",/Users/gm/.openclaw/workspace/cannaworld-aicert/supabase/functions/concierge-send-questionnaire-invite/index.ts,live,nein,BELEGT
AC-036,Concierge Visit-Pass,"Generiert und sendet digitalen Visit-Pass für bestätigten Farm-Besuch; enthält Termin, Facility-Daten, Zugangsinformationen",AICert,Advisory,Auditor / Inspector,automatisiert,IN: appointment_id / OUT: visit_pass (PDF/Token),/Users/gm/.openclaw/workspace/cannaworld-aicert/supabase/functions/concierge-send-visit-pass/index.ts,live,nein,BELEGT
AC-037,Facility CRUD API,Vollständige Facility-Verwaltung: Create/Read/Update mit SHA-256-gehashtem API-Key-Auth (cw_-Prefix); Validierung aller Facility-Felder; Multi-Tenant per facility_id,AICert,Facility,Facility-Manager / Admin,automatisiert,IN: facility_data / OUT: facility_object,/Users/gm/.openclaw/workspace/cannaworld-aicert/supabase/functions/facility-api/index.ts,live,nein,BELEGT
AC-038,Facility Bulk Import,Batch-Import von Facility-Daten aus externen Quellen (CSV/JSON); Validierung und SHA-256-Hash-Prüfung,AICert,Facility,Admin / Sales-Ops,automatisiert,"IN: facilities[] / OUT: import_result, errors[]",/Users/gm/.openclaw/workspace/cannaworld-aicert/supabase/functions/facility-import/index.ts,live,nein,BELEGT
AC-039,LiveKit Teleaudit Token,Generiert LiveKit-Raumtoken für Audio/Video-Teleaudit-Session; bindet User an Audit-Session-Raum,AICert,Trust/Audit,Auditor / QP / Facility-Operator,automatisiert,"IN: session_id / OUT: livekit_token, room_name",/Users/gm/.openclaw/workspace/cannaworld-aicert/supabase/functions/aicert-livekit-token/index.ts,live,nein,BELEGT
AC-040,Cross-Platform Auth,"Cross-Plattform-Authentifizierung zwischen GMP-AICert und anderen Cannaworld-Apps; Actions: login, validate_session, refresh_token, user_info, generate-link; Session-Sharing via Supabase JWT",AICert,Platform/Identity,Alle Cannaworld-Apps,automatisiert,"IN: jwt/credentials / OUT: session_token, user_info",/Users/gm/.openclaw/workspace/cannaworld-aicert/supabase/functions/aicert-cross-platform-auth/index.ts,live,nein,BELEGT
AC-041,API-Key Verwaltung (Admin),"Admin-Verwaltung von API-Keys: List (ohne Klartext), Create, Deactivate; Scopes-basierte Zugriffssteuerung; Expiry-Management",AICert,Platform/Identity,Admin,automatisiert,"IN: admin auth, key_config / OUT: api_key_list, new_key_hash",/Users/gm/.openclaw/workspace/cannaworld-aicert/supabase/functions/aicert-manage-api-keys/index.ts,live,nein,BELEGT
AC-042,Webhook Event Bus,"Cross-Plattform-Webhook-Event-Bus: receive, push, generate-link; persistiert Events mit Integrity-Hash; Event-Types validiert; Source/Target-Platform-Tracking",AICert,Platform/Identity,Interne Systeme / Partner-Plattformen,automatisiert,"IN: event_type, source_platform, entity_type, payload / OUT: webhook_event_id",/Users/gm/.openclaw/workspace/cannaworld-aicert/supabase/functions/aicert-webhook-events/index.ts,live,nein,BELEGT
AC-043,Checkout (Revolut/SumUp),Hosted-Checkout-Erstellung über Revolut oder SumUp (kein Stripe); unterstützt subscription und payment mode; Catalog-Items für AICert-Services; Transaction-Recording,AICert,Billing,AICert-Kunde,automatisiert,"IN: provider, checkoutItem, priceId, mode / OUT: checkout_url",/Users/gm/.openclaw/workspace/cannaworld-aicert/supabase/functions/create-checkout/index.ts,live,nein,BELEGT
AC-044,Payment Provider Webhook,Empfängt und verarbeitet eingehende Zahlungs-Webhooks von Revolut/SumUp; aktualisiert Transaction-Status,AICert,Billing,Payment-Provider,automatisiert,IN: webhook_payload / OUT: transaction_updated,/Users/gm/.openclaw/workspace/cannaworld-aicert/supabase/functions/payment-provider-webhook/index.ts,live,nein,BELEGT
AC-045,Subscription Check,Prüft aktuellen Subscription-Status und Feature-Zugang des AICert-Kunden,AICert,Billing,AICert-Nutzer,automatisiert,"IN: user_id / OUT: subscription_status, plan, features[]",/Users/gm/.openclaw/workspace/cannaworld-aicert/supabase/functions/aicert-check-subscription/index.ts,live,nein,BELEGT
AC-046,Customer Portal,Self-Service Customer Portal für Subscription/Rechnungs-Verwaltung (Revolut/SumUp),AICert,Billing,AICert-Kunde,automatisiert,IN: user auth / OUT: portal_url,/Users/gm/.openclaw/workspace/cannaworld-aicert/supabase/functions/aicert-customer-portal/index.ts,live,nein,BELEGT
AC-047,Admin Billing Dashboard,"Admin-Übersicht über alle Zahlungen, Subscriptions, Transaktionen; Umsatz-Reporting",AICert,Billing,Admin,automatisiert,"IN: admin auth / OUT: billing_stats, transactions[]",/Users/gm/.openclaw/workspace/cannaworld-aicert/supabase/functions/admin-billing/index.ts,live,nein,BELEGT
AC-048,Admin Rollen-Verwaltung,"Verwaltung von Nutzer-Rollen (admin, staff, compliance, qp, inspector); RBAC-Enforcement",AICert,Platform/Identity,Admin,automatisiert,"IN: user_id, role / OUT: role_assigned",/Users/gm/.openclaw/workspace/cannaworld-aicert/supabase/functions/admin-roles/index.ts,live,nein,BELEGT
AC-049,Admin User-Verwaltung,"Admin-CRUD für User-Accounts: Anlage, Deaktivierung, Passwort-Reset, Profil-Update",AICert,Platform/Identity,Admin,automatisiert,"IN: admin auth, user_data / OUT: user_object",/Users/gm/.openclaw/workspace/cannaworld-aicert/supabase/functions/admin-users/index.ts,live,nein,BELEGT
AC-050,Auth Sync,Synchronisiert Auth-State zwischen Supabase und Cannaworld-Plattformen; Session-Revocation-Unterstützung,AICert,Platform/Identity,Plattform-intern,automatisiert,IN: auth_event / OUT: synced_session,/Users/gm/.openclaw/workspace/cannaworld-aicert/supabase/functions/auth-sync/index.ts,live,nein,BELEGT
AC-051,Legal Acceptance Tracking,"Erfasst und persistiert rechtliche Zustimmungen (AGB, DPA, Terms) mit Timestamp und User-IP",AICert,Platform/Identity,AICert-Nutzer,automatisiert,"IN: user_id, document_type, version / OUT: acceptance_record",/Users/gm/.openclaw/workspace/cannaworld-aicert/supabase/functions/legal-acceptance/index.ts,live,nein,BELEGT
AC-052,Terms Confirmation,Bestätigt Nutzungsbedingungen-Akzeptanz für Onboarding-Flow,AICert,Platform/Identity,AICert-Nutzer,automatisiert,"IN: user_id, terms_version / OUT: confirmed",/Users/gm/.openclaw/workspace/cannaworld-aicert/supabase/functions/terms-confirmation/index.ts,live,nein,BELEGT
AC-053,Send Contact / Service-Inquiry Benachrichtigung,"Versendet Service-Inquiry-Benachrichtigung an Admin; empfängt Kontaktformular-Anfragen und leitet sie intern weiter (receive, push, generate-link)",AICert,Support/BackOffice,Sales / Admin,automatisiert,IN: contact_form_data / OUT: notification sent,/Users/gm/.openclaw/workspace/cannaworld-aicert/supabase/functions/aicert-notify-service-inquiry/index.ts,live,nein,BELEGT
AC-054,Send Invitation,Versendet Einladungs-E-Mails an neue Nutzer / Facility-Kontakte,AICert,Support/BackOffice,Neue Nutzer,automatisiert,"IN: email, role, facility_id / OUT: email sent",/Users/gm/.openclaw/workspace/cannaworld-aicert/supabase/functions/send-invitation/index.ts,live,nein,BELEGT
AC-055,Notify Admin Registration,Benachrichtigt Admin bei neuer Nutzer-Registrierung / Facility-Onboarding-Anfrage,AICert,Support/BackOffice,Admin,automatisiert,IN: registration_data / OUT: admin notification,/Users/gm/.openclaw/workspace/cannaworld-aicert/supabase/functions/notify-admin-registration/index.ts,live,nein,BELEGT
AC-056,Benchmark Score Update (Admin),Triggert compute_benchmark_scores() via Service-Role RPC; berechnet Industrie-Benchmarks für Audit-Scores; aufrufbar manuell (Admin) oder per Cron,AICert,Data/AI,Admin / System,automatisiert,IN: admin auth / OUT: benchmark_scores updated,/Users/gm/.openclaw/workspace/cannaworld-aicert/supabase/functions/update-benchmarks/index.ts,live,nein,BELEGT
AC-057,Admin Zertifikats-Übersicht,"Admin-View aller ausgestellten GMP/GACP-Zertifikate mit Status, Ablaufdaten und Verlängerungs-Workflow",AICert,Trust/Audit,Admin / Certification Body,automatisiert,IN: admin auth / OUT: certificates[],/Users/gm/.openclaw/workspace/cannaworld-aicert/src/pages/AdminCertificates.tsx,live,nein,BELEGT
AC-058,Facility Compliance Onboarding,"Geführtes Onboarding neuer Facilities auf GMP-AICert-Plattform: Facility-Profil-Erfassung, initiale Compliance-Status-Einschätzung",AICert,Facility,Neue Facility / Grow-Manager,automatisiert,IN: facility_profile_form / OUT: onboarding_status,/Users/gm/.openclaw/workspace/cannaworld-aicert/src/pages/FacilityComplianceOnboarding.tsx,live,nein,BELEGT
AC-059,Facility Onboarding Wizard,Schritt-für-Schritt Onboarding-Wizard für Facility-Registrierung (useFacilityOnboarding-Hook),AICert,Facility,Facility-Manager,automatisiert,IN: wizard_steps / OUT: facility_created,/Users/gm/.openclaw/workspace/cannaworld-aicert/src/pages/FacilityOnboarding.tsx + src/hooks/useFacilityOnboarding.ts,live,nein,BELEGT
AC-060,Audit-Management (CRUD + Self-Audit),"Vollständige Audit-Verwaltung: Auditplanung, Checklist-Beantwortung, Status-Tracking, Self-Audit-Modus, komplexer Audit mit unterstrukturierten Items; Realtime-Audit via WebSocket (useRealtimeAudit)",AICert,Trust/Audit,Auditor / QA-Manager / Facility,automatisiert,"IN: audit_form, checklist_responses / OUT: audit_id, score, ampel, status",/Users/gm/.openclaw/workspace/cannaworld-aicert/src/pages/Audits.tsx + SelfAudit.tsx + ComplexAudit.tsx + hooks/use-audits.ts,live,nein,BELEGT
AC-061,Audit-Session (Realtime-Walkthrough),"Live-Audit-Session mit Realtime-Chat, Sprachnotizen (useVoice, useNativeSpeech), Session-Notes, Evidenz-Upload; LiveKit-AV-Stream eingebunden",AICert,Trust/Audit,Auditor / QP,automatisiert,"IN: audit_id, session_form / OUT: session_id, chat_messages[], notes[], evidence[]",/Users/gm/.openclaw/workspace/cannaworld-aicert/src/pages/AuditSessions.tsx + AuditSessionDetail.tsx + hooks/use-session-chat.ts,live,nein,BELEGT
AC-062,Video-Audit (Standalone),Eigenständige Video-Walkthrough-Audit-Seite; integriert VideoFrameAudit-Komponente ohne übergeordneten Audit-Kontext,AICert,Trust/Audit,Auditor / Remote-Inspector,AI-gestützt,"IN: video/frames / OUT: zone_compliance, findings[]",/Users/gm/.openclaw/workspace/cannaworld-aicert/src/pages/VideoAudit.tsx,live,nein,BELEGT
AC-063,CAPA Tracker,"CAPA-Lifecycle-Management: Anlage, Status-Tracking (open/in_progress/closed), Priorität, Kategorie, CAPA-Typ (corrective/preventive), Fälligkeits-Überwachung; KI-CAPA über use-capa-ai-Hook",AICert,Quality/GxP,QA-Manager / CAPA-Owner,automatisiert,"IN: capa_form / OUT: capa_id, status, history",/Users/gm/.openclaw/workspace/cannaworld-aicert/src/pages/CapaTracker.tsx + hooks/use-capas.ts + use-capa-ai.ts,live,nein,BELEGT
AC-064,Deviations Management,"Deviation-Erfassung und Tracking nach EU-GMP Kap. 8; Severity-Klassifizierung, Verknüpfung mit CAPA; Status-Flow",AICert,Quality/GxP,QA-Manager,automatisiert,"IN: deviation_form / OUT: deviation_number, status",/Users/gm/.openclaw/workspace/cannaworld-aicert/src/pages/Deviations.tsx,live,nein,BELEGT
AC-065,SOP Bibliothek & Manager,"SOP-Bibliothek mit Versions-Kontrolle, Archivierung, Review-Datum, Risiko-Stufe, Kategorie; SOP-Manager für Erstellung; SOP Hub für Übersicht; use-sops-Hook",AICert,Documents,QA-Manager / SOP-Author,automatisiert,"IN: sop_data / OUT: sop_id, version, review_date",/Users/gm/.openclaw/workspace/cannaworld-aicert/src/pages/SOPLibrary.tsx + SopHub.tsx + SopManager.tsx + hooks/use-sops.ts,live,nein,BELEGT
AC-066,Checklist-Templates,"Verwaltung und Erstellung von Audit-Checklist-Templates (editierbar, versioniert)",AICert,Trust/Audit,QA-Manager / Auditor,automatisiert,"IN: template_form / OUT: template_id, items[]",/Users/gm/.openclaw/workspace/cannaworld-aicert/src/pages/ChecklistTemplates.tsx,live,nein,BELEGT
AC-067,Batch Traceability,"Chargenrückverfolgung Seed-to-Distribution; Batch-Anlage, CoA-Upload, Status-Tracking; Integration mit lab_results und shinrai_validations",AICert,Quality/GxP,QA-Manager / Exporteur,automatisiert,"IN: batch_form, coa_file / OUT: batch_id, traceability_chain",/Users/gm/.openclaw/workspace/cannaworld-aicert/src/pages/BatchTraceability.tsx,live,nein,BELEGT
AC-068,Pharmacovigilance Reporting,"Erfassung und Management von unerwünschten Ereignissen / Nebenwirkungen nach AMG §63b; Severity-Klassifizierung (non_serious/serious/life_threatening/fatal), Eskalations-Level, Authority-Notification",AICert,Regulatory,QP / Regulatory Affairs / Behörden,menschlich,"IN: pv_report_form / OUT: pv_number, status, escalation",/Users/gm/.openclaw/workspace/cannaworld-aicert/src/pages/PharmacovigilancePage.tsx + hooks/use-pharmacovigilance.ts,live,nein,BELEGT
AC-069,Recall Oversight,"Rückruf-Management mit Eskalations-Levels; Recall-Klassen, betroffene Länder, Mengen, Distribution-Level; Eskalation bis Behörden",AICert,Regulatory,QA-Lead / Regulatory Affairs,menschlich,"IN: recall_form / OUT: recall_number, status, affected_batches[]",/Users/gm/.openclaw/workspace/cannaworld-aicert/src/pages/RecallOversight.tsx + hooks/use-recall-events.ts,live,nein,BELEGT
AC-070,Change Control,"Änderungsantrags-Management nach EU-GMP Kap. 5; Change-Antrag, Bewertung, Genehmigung, Implementierung",AICert,Quality/GxP,QA-Manager / Change Control Board,menschlich,"IN: change_form / OUT: change_number, status",/Users/gm/.openclaw/workspace/cannaworld-aicert/src/pages/ChangeControl.tsx,live,nein,BELEGT
AC-071,Complaint Management,"Kunden-Beschwerde-Management mit Complaint-Nummer, Quelle, Severity, Kategorie, Status-Flow",AICert,Quality/GxP,QA-Manager / Customer Service,menschlich,"IN: complaint_form / OUT: complaint_number, status",/Users/gm/.openclaw/workspace/cannaworld-aicert/src/pages/ComplaintManagement.tsx,live,nein,BELEGT
AC-072,Environmental Monitoring,"Umgebungsmonitoring EU-GMP: Messpunkte-Verwaltung, manuelle Messwert-Erfassung für Reinraum-Klassifizierung (ISO 14644)",AICert,Facility,QC / Facility-Manager,automatisiert,"IN: measurement_point, value / OUT: stored_reading, alert_if_limit_exceeded",/Users/gm/.openclaw/workspace/cannaworld-aicert/src/pages/EnvironmentalMonitoring.tsx,live,nein,BELEGT
AC-073,IoT Monitoring Hub,"Echtzeit-IoT-Sensor-Dashboard: Temperatur, Luftfeuchtigkeit, CO2, VPD, Licht; Geräte-Management, Alert-System, historische Charts (Recharts)",AICert,Cultivation,Grow-Manager / QA,automatisiert,"IN: device_readings / OUT: dashboard_data, alerts[]",/Users/gm/.openclaw/workspace/cannaworld-aicert/src/pages/IoTMonitoring.tsx + MonitoringHub.tsx,live,nein,BELEGT
AC-074,Trolmaster Dashboard,"Dediziertes Dashboard für Trolmaster-Geräte (Hydro-X Pro, Aqua-X Pro): Räume-Übersicht, Alerts, Setup-Anleitung; Tabs: Räume/Alerts/Setup",AICert,Cultivation,Grow-Manager,automatisiert,"IN: trolmaster_data / OUT: device_readings, alerts",/Users/gm/.openclaw/workspace/cannaworld-aicert/src/pages/TrolmasterDashboard.tsx,live,nein,BELEGT
AC-075,Labor Dashboard (LIMS + CoA + QP-Freigabe),"Labor-Frontend: CoA-Datei-Upload (PDF), Laborname-Erfassung, LIMS-Ergebnis-Anzeige, QP-Freigabe-Button; integriert LIMS-Edge-Function",AICert,Quality/GxP,Laborleiter / QP,automatisiert,"IN: coa_file, lab_name / OUT: lab_result, qp_release_request",/Users/gm/.openclaw/workspace/cannaworld-aicert/src/pages/LabDashboard.tsx,live,nein,BELEGT
AC-076,Calibration Tracker,"EU-GMP Annex 15 Kalibrierungs-Tracker: Messgeräte-Verwaltung, Kalibrierungshistorie, Recall-Termine",AICert,Quality/GxP,QC / Facility-Manager,automatisiert,"IN: equipment_form, calibration_record / OUT: calibration_history",/Users/gm/.openclaw/workspace/cannaworld-aicert/src/pages/CalibrationTracker.tsx,live,nein,BELEGT
AC-077,Stability Studies,"ICH-konforme Stabilitätsstudien (Q1A/Q1E): Studien-Anlage, Zeitpunkte, Ergebnisse, Trend-Analyse",AICert,Quality/GxP,QA-Manager / Regulatory Affairs,menschlich,"IN: stability_study_form / OUT: study_id, results[]",/Users/gm/.openclaw/workspace/cannaworld-aicert/src/pages/StabilityStudies.tsx,live,nein,BELEGT
AC-078,Cleaning Validation,"Reinigungs-Validierungs-Management nach EU-GMP Annex 15; Validierungspläne, Reinigungsprotokoll-Erfassung",AICert,Quality/GxP,QA-Manager / Facility,menschlich,"IN: cleaning_plan, record / OUT: validation_status",/Users/gm/.openclaw/workspace/cannaworld-aicert/src/pages/CleaningValidation.tsx,live,nein,BELEGT
AC-079,Validation Master Plan (VMP),"Validierungs-Masterplan-Verwaltung nach EU-GMP Annex 15; VMP-Anlage, Versionierung, Status-Tracking",AICert,Quality/GxP,QA-Manager / Regulatory Affairs,menschlich,"IN: vmp_form / OUT: vmp_id, version, status",/Users/gm/.openclaw/workspace/cannaworld-aicert/src/pages/ValidationMasterPlan.tsx,live,nein,BELEGT
AC-080,APQR (Annual Product Quality Review),"Jährlicher Produktqualitätsbericht-Manager; Erstellung, Produktname, Berichtsjahr, Report-Nummer-Generierung",AICert,Quality/GxP,QP / QA-Manager,menschlich,"IN: apqr_form / OUT: apqr_id, report_number",/Users/gm/.openclaw/workspace/cannaworld-aicert/src/pages/ApqrPage.tsx + hooks/use-apqr.ts,live,nein,BELEGT
AC-081,Management Review,Management-Review-Meeting-Dokumentation und Protokoll nach ICH Q10,AICert,Quality/GxP,QP / Management,menschlich,IN: review_form / OUT: review_record,/Users/gm/.openclaw/workspace/cannaworld-aicert/src/pages/ManagementReview.tsx,live,nein,BELEGT
AC-082,Audit Trail,Unveränderlicher Audit-Trail aller System-Aktivitäten (ALCOA+); Filterung und Export,AICert,Data/AI,QP / Regulatory Inspector,automatisiert,IN: filter_params / OUT: audit_trail_entries[],/Users/gm/.openclaw/workspace/cannaworld-aicert/src/pages/AuditTrail.tsx,live,nein,BELEGT
AC-083,Audit Closing Reports,"Abschluss-Berichte für abgeschlossene Audits: Anzeige, Suche, ZIP-Download aller Reports",AICert,Trust/Audit,QA-Manager / QP,automatisiert,IN: filter / OUT: closing_report PDFs (zip),/Users/gm/.openclaw/workspace/cannaworld-aicert/src/pages/ClosingReports.tsx,live,nein,BELEGT
AC-084,Zertifikats-Verzeichnis (Certificates Page),Übersicht aller eigenen und Drittpartei-Zertifikate (GMP/GACP/ISO); Ablauf-Tracking; externe Zertifikate via use-external-certificates,AICert,Trust/Audit,QA-Manager / QP,automatisiert,"IN: (user auth) / OUT: certificates[], expiry_alerts[]",/Users/gm/.openclaw/workspace/cannaworld-aicert/src/pages/Certificates.tsx + hooks/use-certificates.ts,live,nein,BELEGT
AC-085,Verify Audit Report (Public),Öffentliche Seite zur Verifikation eines Audit-Reports per ID/Hash; für Käufer und Inspektoren,AICert,Trust/Audit,Käufer / Inspektor,automatisiert,"IN: report_id/hash / OUT: verified, report_summary",/Users/gm/.openclaw/workspace/cannaworld-aicert/src/pages/VerifyAuditReport.tsx,live,nein,BELEGT
AC-086,Zertifikat-Verifikation (Frontend),Frontend-Seite für öffentliche Zertifikat-Verifikation (komplementär zur Edge-Function),AICert,Trust/Audit,Käufer / Öffentlichkeit,automatisiert,IN: certificate_id / OUT: verification_result,/Users/gm/.openclaw/workspace/cannaworld-aicert/src/pages/VerifyCertificate.tsx,live,nein,BELEGT
AC-087,Inspector Portal,"Portal für externe Inspektoren: Zertifikats-Verifikation, Audit-Status-Abfrage, Facility-Informationen; zugewiesen per Role 'inspector'",AICert,Trust/Audit,Externer Inspektor / Behörde,automatisiert,"IN: inspector auth / OUT: facility_data, cert_status, audit_summary",/Users/gm/.openclaw/workspace/cannaworld-aicert/src/pages/InspectorPortal.tsx + supabase/functions/inspector-portal/index.ts,live,nein,BELEGT
AC-088,QP Inbox,"Qualifizierter-Personen-Posteingang: eingehende QP-Freigabe-Anfragen, Signatur-Requests, Audit-Benachrichtigungen; Admin-Inbox via use-admin-inbox",AICert,Pharmacy,QP (Qualified Person),automatisiert,IN: (qp auth) / OUT: inbox_items[],/Users/gm/.openclaw/workspace/cannaworld-aicert/src/pages/QPInbox.tsx,live,nein,BELEGT
AC-089,QP Release Form,QP-Freigabe-Formular für Batch-Freigabe mit elektronischer Signatur (D-Trust QES); verknüpft mit Batch-Daten und Lab-Ergebnissen,AICert,Pharmacy,QP,menschlich,"IN: batch_id, qp_declaration / OUT: qp_signature, release_status",/Users/gm/.openclaw/workspace/cannaworld-aicert/src/pages/QPReleaseForm.tsx + hooks/use-qp-release.ts,live,nein,BELEGT
AC-090,Signature Capture (eSignature),Digitale Unterschriften-Erfassung für Compliance-Dokumente; Integration mit D-Trust QES und QMS-Signature-Verifier,AICert,Documents,QP / Auditor / Manager,automatisiert,"IN: document_ref, signer_info / OUT: signature_record",/Users/gm/.openclaw/workspace/cannaworld-aicert/src/pages/SignatureCapture.tsx,live,nein,BELEGT
AC-091,Document Archive,"Zentrales Dokumenten-Archiv: Versions-Management (use-document-versions), Suche, Metadaten; ALCOA+-konforme Archivierung",AICert,Documents,QA-Manager,automatisiert,"IN: document_upload/query / OUT: documents[], versions[]",/Users/gm/.openclaw/workspace/cannaworld-aicert/src/pages/DocumentArchive.tsx + hooks/use-document-versions.ts,live,nein,BELEGT
AC-092,Reports Dashboard,"Übersicht aller generierten Compliance-Reports (Audit, CAPA, APQR etc.) mit Detail-View",AICert,Data/AI,QA-Manager / Management,automatisiert,"IN: filter / OUT: reports[], report_detail",/Users/gm/.openclaw/workspace/cannaworld-aicert/src/pages/Reports.tsx + ReportDetail.tsx,live,nein,BELEGT
AC-093,Global Compliance Dashboard,Multi-Jurisdiktions-Compliance-Übersicht: Compliance-Status pro Land/Framework; JURISDICTIONS-Array mit regulatorischen Anforderungen je Markt,AICert,Regulatory,Regulatory Affairs / Management,automatisiert,IN: (user auth) / OUT: compliance_by_jurisdiction[],/Users/gm/.openclaw/workspace/cannaworld-aicert/src/pages/GlobalComplianceDashboard.tsx,live,nein,BELEGT
AC-094,Regulatorische Matrix,Interaktive Anforderungs-Matrix: GMP-Standards und Reporting-Pflichten pro Jurisdiktion; Checklist-Template-Verknüpfung pro Standard,AICert,Regulatory,Regulatory Affairs / QP,automatisiert,IN: jurisdiction_filter / OUT: requirements_matrix,/Users/gm/.openclaw/workspace/cannaworld-aicert/src/pages/RegulatoryMatrix.tsx,live,nein,BELEGT
AC-095,Regulatory Hub,"Regulatorischer Informations-Hub: Verlinkung zu Gesetzen, Standards, Leitlinien (EU-GMP/GACP/BtMG/CanG)",AICert,Regulatory,Regulatory Affairs / QA,automatisiert,"IN: (user auth) / OUT: regulatory_links, summaries",/Users/gm/.openclaw/workspace/cannaworld-aicert/src/pages/RegulatoryHub.tsx,live,nein,BELEGT
AC-096,Regulatory Watch (Frontend),Frontend für regulatorische Update-Benachrichtigungen; zeigt Regulatory-Watch-API-Ergebnisse an und ermöglicht manuelle Trigger,AICert,Regulatory,Regulatory Affairs,automatisiert,IN: (user auth) / OUT: regulatory_alerts[],/Users/gm/.openclaw/workspace/cannaworld-aicert/src/pages/RegulatoryWatch.tsx,live,nein,BELEGT
AC-097,EMVS Registrierung (Frontend),"Frontend-Seite für EMVS-Serialisierungs-Workflow: Serien-Nummern-Verwaltung, Registrierungs-Status, NMVS-Integration",AICert,Regulatory,Hersteller / Compliance-Manager,automatisiert,"IN: batch_id, serialization_data / OUT: nmvs_status",/Users/gm/.openclaw/workspace/cannaworld-aicert/src/pages/EMVSRegistration.tsx,live,nein,BELEGT
AC-098,Seller Listing Dashboard,"Seller-Dashboard für Marketplace-Listings: Status-Anzeige (current_status), Wartelisten-Verwaltung, Listing-Management; für Exporteure",AICert,Trade,Exporteur / Seller,automatisiert,"IN: (seller auth) / OUT: listings[], waitlist[]",/Users/gm/.openclaw/workspace/cannaworld-aicert/src/pages/SellerListingDashboard.tsx,live,nein,BELEGT
AC-099,Supplier-Qualifikation & Audit,"Lieferanten-Qualifizierungs-Prozess: Lieferanten-Score, GMP-Zertifikat-Ablauf, Next-Review-Datum; Supplier-Audits via use-supplier-audits",AICert,Sourcing,QA-Manager / Procurement,menschlich,"IN: supplier_form / OUT: supplier_id, score, status",/Users/gm/.openclaw/workspace/cannaworld-aicert/src/hooks/use-suppliers.ts + use-supplier-audits.ts,live,nein,BELEGT
AC-100,Classroom / Education Sessions,"GMP-Schulungs-Plattform: Session-Planung (scheduled_at), LiveKit-Integration für Video-Sessions, Transkription, automatische Zertifikat-Generierung für Teilnehmer nach Abschluss; feature-gated",AICert,Education,Facility-Mitarbeiter / Nutzer,automatisiert,"IN: session_form, participants[] / OUT: session_id, certificates[]",/Users/gm/.openclaw/workspace/cannaworld-aicert/src/pages/Classroom.tsx,live,nein,BELEGT
AC-101,Certification Body OS,"White-Label-Zertifizierungsstellen-Betriebssystem: 8-stufiger Lifecycle-Management (Antrag→Zertifikat), Governance-Management, Rollen für Certification Body (CB)-Mitarbeiter",AICert,Trust/Audit,Zertifizierungsstellen (CB),automatisiert,"IN: certification_application / OUT: lifecycle_status, certificate",/Users/gm/.openclaw/workspace/cannaworld-aicert/src/pages/CertificationBodyOS.tsx,live,nein,BELEGT
AC-102,Pre-Audit Service (3-Tier),"Remote Pre-Audit-Service in 3 Tiers: Tier 1 Readiness Triage (KI), Tier 2 Remote Auditor Review, Tier 3 Audit Readiness Program; 47 Länder, 6 Compliance-Achsen, ab €750",AICert,Advisory,Facility / Exporteur,AI-gestützt,"IN: facility_data, target_country / OUT: readiness_score, gap_list, recommendations",/Users/gm/.openclaw/workspace/cannaworld-aicert/src/pages/PreAuditService.tsx,live,nein,BELEGT
AC-103,Concierge Service (Gesamt-Workflow),"Ganzheitlicher Concierge-Onboarding-Workflow: Landing, Demo, Buchung, Fragebogen, Dossier-Berechnung, Farm-Visit; Sales-Intelligence intern",AICert,Advisory,Neuer Facility-Kunde,menschlich,"IN: concierge_request / OUT: appointment, dossier (intern), farm_profile",/Users/gm/.openclaw/workspace/cannaworld-aicert/src/pages/Concierge.tsx + ConciergeBook.tsx + ConciergeDemo.tsx,live,nein,BELEGT
AC-104,Data Governance Dokumentation,"Data-Governance-Richtlinien-Seite mit 9 Abschnitten: Scope, DPA-Baseline, Import-Policy, AI-Processing, Opt-out, EU/EEA/TH-Addenda, Cookie-Policy, Legal-Review",AICert,Data/AI,Alle Nutzer / DPO,menschlich,IN: (static) / OUT: governance_sections,/Users/gm/.openclaw/workspace/cannaworld-aicert/src/pages/DataGovernance.tsx,live,nein,BELEGT
AC-105,Facility API Key Management (Frontend),"Frontend für Facility-API-Key-Verwaltung: Erzeugung, Anzeige (cw_-Prefix), Deaktivierung von Facility-spezifischen API-Keys",AICert,Platform/Identity,Facility-Manager,automatisiert,IN: facility_id / OUT: api_keys[],/Users/gm/.openclaw/workspace/cannaworld-aicert/src/pages/FacilityApiKeys.tsx,live,nein,BELEGT
AC-106,API Dokumentation,Interaktive API-Dokumentation für GMP-AICert Public API und MCP-Endpunkt,AICert,Platform/Identity,Entwickler / API-Kunden,automatisiert,"IN: (static) / OUT: openapi_spec, endpoint_docs",/Users/gm/.openclaw/workspace/cannaworld-aicert/src/pages/ApiDocs.tsx,live,nein,BELEGT
AC-107,Compliance Score Tracking,"Berechnung und Anzeige des Gesamt-Compliance-Scores der Facility; aggregiert Audit-, CAPA-, SOP- und Deviation-Daten",AICert,Data/AI,QA-Manager / Management,automatisiert,"IN: facility_id / OUT: compliance_score, trend",/Users/gm/.openclaw/workspace/cannaworld-aicert/src/hooks/use-compliance-score.ts,live,nein,BELEGT
AC-108,CannaWorld Germany Intake (AICert-Seite),"German-Market Intake-Seite auf GMP-AICert: 4-Schritt-Prozess (Import-Anfrage → Qualifizierung → Dokumentenprüfung → Supply Matching), Ecosystem-Cards, Kontaktformular",AICert,Pharmacy,Deutsche Apotheke / Importeur,menschlich,IN: import_request_form / OUT: qualification_process_started,/Users/gm/.openclaw/workspace/cannaworld-aicert/src/pages/CannaWorldGermany.tsx,live,nein,BELEGT
AC-109,Guarantee Page,"Service-Garantie-Seite: Tier-Übersicht, Boundary-Definitionen, Customer-Promise; transparente Leistungsgrenzen",AICert,Marketing/GTM,Interessent / Kunde,automatisiert,"IN: (static) / OUT: guarantee_tiers, boundaries",/Users/gm/.openclaw/workspace/cannaworld-aicert/src/pages/GuaranteePage.tsx,live,nein,BELEGT
EU-001,EU Batch Import & QP-Freigabe,"EU-seitige QP-Release-Verwaltung für importierte Batches: pending/released/rejected Status, Batch-Release-Queue, Übersichts-KPIs",Europe,Pharmacy,EU-QP / Importeur,menschlich,"IN: batch_release_form / OUT: qp_release_status, batch_released",/Users/gm/.openclaw/workspace/cannaworld-europe/src/pages/dashboard/QPRelease.tsx,live,nein,BELEGT
EU-002,Audit Passport (Consent-basiertes Daten-Sharing),"EU-Käufer-Zugang zu geteilten Audit- und Compliance-Daten thai. Exporteure; Consent-basiert ('Audit Once, Trust Everywhere'); Request-Audit-Data-Access-Workflow",Europe,Trust/Audit,EU-Importeur / Buyer,automatisiert,"IN: access_request, consent / OUT: audit_data, compliance_summary",/Users/gm/.openclaw/workspace/cannaworld-europe/src/pages/dashboard/AuditPassport.tsx,live,nein,BELEGT
EU-003,Golden Route Engine,"Globale Import-Route-Engine V1: prüft Hard-Boundaries (kein Importeur/kein Permit/Quota/kein Release = NO-GO), Authority-Boundaries, US-THC-Split, Source-Principle; liefert Recommendation inkl. kritische Pfade und Blockaden",Europe,Trade,EU-Importeur / Buyer,AI-gestützt,"IN: product_params, destination / OUT: route_assessment, blockers[], critical_path",/Users/gm/.openclaw/workspace/cannaworld-europe/src/pages/dashboard/GoldenRoute.tsx + src/lib/golden-route.ts,live,nein,BELEGT
EU-004,EU Import Intake (EuIntake),"EU-spezifisches Intake-Formular für Cannabis-Importe: GDP-Checks, Compliance-Prüfliste, Dokumenten-Anforderungen",Europe,Trade,EU-Importeur,menschlich,"IN: import_intake_form / OUT: intake_reference, gdp_checklist",/Users/gm/.openclaw/workspace/cannaworld-europe/src/pages/dashboard/EuIntake.tsx,live,nein,BELEGT
EU-005,Wholesale Hub,"Großhandels-Hub für EU-Distribution von Cannabis; Wholesale-Anfragen, GDP-Distribution, Netzwerk-Übersicht",Europe,Trade,EU-Großhändler / Distributor,menschlich,"IN: wholesale_request / OUT: wholesale_matches, gdp_routes",/Users/gm/.openclaw/workspace/cannaworld-europe/src/pages/dashboard/WholesaleHub.tsx,live,nein,BELEGT
EU-006,EU Regulatory Pfad-Advisor,"Interaktiver Pfad-Advisor mit 6 regulatorischen Import-Pfaden: §73 Abs. 3 AMG (direkt), Managed Import via Gateway, Großhandel GDP, EU-GMP-Importeur mit QP, Hersteller mit eigener QP, Spezialversorgung; Pfad-Empfehlung inkl. Compliance-Requirements",Europe,Regulatory,EU-Importeur / Apotheke,automatisiert,"IN: company_profile, intent / OUT: recommended_path, requirements[]",/Users/gm/.openclaw/workspace/cannaworld-europe/src/pages/dashboard/Regulatory.tsx + ComplianceRoutes.tsx,live,nein,BELEGT
EU-007,EU Compliance Framework-Checker,"Compliance-Status-Checker gegen EU-GMP, GDP, GACP; Framework-Karten mit Sub-Anforderungen und Status-Ampel",Europe,Quality/GxP,EU-Importeur / QP,automatisiert,"IN: compliance_data / OUT: framework_status (EU-GMP/GDP/GACP), gaps[]",/Users/gm/.openclaw/workspace/cannaworld-europe/src/pages/dashboard/Compliance.tsx,live,nein,BELEGT
EU-008,EU Lieferanten-Verwaltung,"Lieferanten-Datenbank für EU-Käufer: Anlage, Scoring, GDP-Qualifizierung, Dialog-geführte Supplier-Erfassung",Europe,Sourcing,EU-Importeur / Procurement,menschlich,"IN: supplier_form / OUT: supplier_id, score, status",/Users/gm/.openclaw/workspace/cannaworld-europe/src/pages/dashboard/Suppliers.tsx + hooks/use-suppliers.ts,live,nein,BELEGT
EU-009,EU Batch-Tracking,"Tracking importierter Batches auf EU-Seite; useInventory + useBatches; Status-Übersicht, Batch-Details",Europe,Logistics,EU-Importeur / Warehouse,automatisiert,"IN: batch_data / OUT: batch_status, tracking_info",/Users/gm/.openclaw/workspace/cannaworld-europe/src/pages/dashboard/Batches.tsx + hooks/useBatches.ts + useInventory.ts,live,nein,BELEGT
EU-010,EU Lager-Management,"Warehouse-Management für EU-Lagerbestand: Inventar-Übersicht, Einlagerung, Auslagerung, GDP-konform",Europe,Logistics,EU-Warehouse-Manager,automatisiert,"IN: inventory_actions / OUT: inventory_levels, movements[]",/Users/gm/.openclaw/workspace/cannaworld-europe/src/pages/dashboard/Warehouse.tsx,live,nein,BELEGT
EU-011,EU Logistik-Dashboard,"GDP-konforme Logistik-Übersicht: aktive Sendungen, Tracking-Netzwerk, Transporteur-Management",Europe,Logistics,EU-Logistik-Manager,automatisiert,"IN: (user auth) / OUT: active_shipments[], network_overview",/Users/gm/.openclaw/workspace/cannaworld-europe/src/pages/dashboard/Logistics.tsx,live,nein,BELEGT
EU-012,EU Marketplace,"EU-seitiger Marketplace-Zugang: Anzeige verfügbarer Batches, Kaufanfragen, Matching mit eigenen Spezifikationen",Europe,Trade,EU-Käufer / Importeur,automatisiert,"IN: search_params, specs / OUT: matching_listings[]",/Users/gm/.openclaw/workspace/cannaworld-europe/src/pages/dashboard/Marketplace.tsx,live,nein,BELEGT
EU-013,Trade Cases Management,"Verwaltung von Handels-Cases / Import-Vorgängen: Case-Anlage, Status-Tracking, Dokumenten-Verknüpfung",Europe,Trade,EU-Importeur / Trade-Manager,menschlich,"IN: trade_case_form / OUT: case_id, status",/Users/gm/.openclaw/workspace/cannaworld-europe/src/pages/dashboard/TradeCases.tsx,live,nein,BELEGT
EU-014,EU Dokumenten-Verwaltung,"Dokumenten-Upload und -Verwaltung für EU-Compliance-Dokumente: EU-GMP-Zertifikat, Importlizenzen etc.; useDocuments-Hook",Europe,Documents,EU-Importeur / QP,automatisiert,"IN: document_file, metadata / OUT: document_id, version",/Users/gm/.openclaw/workspace/cannaworld-europe/src/pages/dashboard/Documents.tsx + hooks/useDocuments.ts,live,nein,BELEGT
EU-015,EU Analytics Dashboard,"Live-Operational-Metrics: Trend-Analysen, KPIs für EU-Workspace (Batches, Compliance, Logistics); useDashboardStats-Hook",Europe,Data/AI,EU-Management / Compliance-Team,automatisiert,"IN: (user auth) / OUT: metrics, trends[]",/Users/gm/.openclaw/workspace/cannaworld-europe/src/pages/dashboard/Analytics.tsx + hooks/useDashboardStats.ts,live,nein,BELEGT
EU-016,EU Services Übersicht (Gateway Services),"Strukturierte Übersicht aller Gateway-Services in 4 Gruppen (Platform, Consulting, Trade, Assurance) mit 24 Service-Keys; Landing-Page-Komponente und Dashboard-Seite",Europe,Marketing/GTM,EU-Interessent / Kunde,automatisiert,"IN: (static) / OUT: service_groups, service_items",/Users/gm/.openclaw/workspace/cannaworld-europe/src/components/GatewayServicesSection.tsx + src/pages/dashboard/Services.tsx,live,nein,BELEGT
EU-017,EU Data Governance,"Data-Governance-Richtlinien für EU-Workspace (DSGVO, DPA, AI-Processing Policy)",Europe,Data/AI,DPO / Nutzer,menschlich,IN: (static) / OUT: governance_docs,/Users/gm/.openclaw/workspace/cannaworld-europe/src/pages/DataGovernance.tsx,live,nein,BELEGT
EU-018,Klinisches Feedback Aggregator,"Aggregiert anonymisiertes klinisches Feedback aus Apotheke, Patient, Klinik, Importeur; linked zu Batches via asian_batch_id; erfasst Symptom-Relief-Score, Side-Effect-Score, Dosierung, Indikation, Onset/Duration",Europe,Pharmacy,Pharmakovigilanz / Regulatory,automatisiert,"IN: FeedbackPayload (source, batch, scores, dosage) / OUT: outcome_record",/Users/gm/.openclaw/workspace/cannaworld-europe/supabase/functions/clinical-feedback-aggregator/index.ts,live,nein,BELEGT
EU-019,EU Notification Service,"Benachrichtigungs-Service für EU-Workspace: Compliance-Alerts, Batch-Status-Updates, QP-Release-Anfragen; useNotifications-Hook",Europe,Platform/Identity,EU-Nutzer,automatisiert,IN: notification_event / OUT: notification_delivered,/Users/gm/.openclaw/workspace/cannaworld-europe/supabase/functions/send-notification/index.ts + hooks/useNotifications.ts,live,nein,BELEGT
EU-020,EU Exporter Onboarding Gate,"Onboarding-Gate für Exporteure auf EU-Plattform: Schrittweiser Onboarding-Flow, Onboarding-Status-Prüfung vor Zugang zu geschützten Bereichen",Europe,Platform/Identity,Exporteur,automatisiert,"IN: onboarding_steps / OUT: onboarding_status, access_granted",/Users/gm/.openclaw/workspace/cannaworld-europe/src/hooks/useExporterOnboarding.ts + useOnboardingGate.ts + useOnboardingStatus.ts,live,nein,BELEGT
EU-021,EU Cannaworld SDK,Cannaworld SDK (cannaworld-sdk.ts) für programmatischen Zugang zu EU-Plattform-APIs; Bibliotheks-Wrapper,Europe,Platform/Identity,Entwickler,automatisiert,IN: SDK-Config / OUT: API-Client,/Users/gm/.openclaw/workspace/cannaworld-europe/src/lib/cannaworld-sdk.ts,live,nein,BELEGT
EU-022,EU Access Request (Käufer-Registrierung),Registrierungs-/Zugangs-Anfrage-Seite für neue EU-Buyer/Importeure; Role-basiertes Onboarding,Europe,Platform/Identity,Neuer EU-Käufer,menschlich,IN: access_request_form / OUT: pending_review,/Users/gm/.openclaw/workspace/cannaworld-europe/src/pages/RequestAccess.tsx,live,nein,BELEGT
MP-001,ShinrAi Batch-Analyse (Dokument-Upload),"KI-gestützte Forensik-Analyse hochgeladener Batch-Dokumente (CoA, GACP/GMP-Zertifikate, Rechnungen): extrahiert Produktdaten, Zertifizierungsgrad, THC/CBD, Qualitätsscore, Zielmarkt-Eignung, Compliance-Check und Marktwert via Anthropic Batch API.",Marketplace,Quality/GxP,Exporter,AI-gestützt,"In: Dokument-Dateien + Batch-ID; Out: JSON mit Produktprofil, market_valuation, compliance_check, target_markets, quality_score","supabase/functions/ai-batch-analyze/index.ts – VALID_ACTIONS: submit_batch, submit_batch_api, check_results; SYSTEM_PROMPT ShinrAi",live,nein,BELEGT
MP-002,ShinrAi Batch-Cron (Anthropic Batch API Queue),Geplanter Cron-Job: sendet ausstehende Analyse-Jobs als Anthropic Batch (50 % Kostenersparnis) und ruft Ergebnisse abgeschlossener Batches ab. Orchestriert MP-001.,Marketplace,Data/AI,Platform/BackOffice,automatisiert,In: Cron-Signal (x-cron-secret); Out: Batch-Submit-Ergebnis + geprüfte Resultate,supabase/functions/ai-batch-cron/index.ts – invoke ai-batch-analyze mit submit_batch_api + check_results,live,nein,BELEGT
MP-003,Auto-Trade-Matcher,"Regelbasierter Matching-Engine: gleicht gelistete Batches gegen Importer-Trading-Rules ab (min. THC, max. Preis, Zertifizierungen, ShinrAi-Score, Zielmärkte, Mengen). Erstellt automatisch Purchase Requests bei Match.",Marketplace,Trade,Importer/Exporter,automatisiert,"In: Batch-Daten + Trading-Rules aus DB; Out: Match-Ergebnis, erstellte Purchase Requests","supabase/functions/auto-trade-matcher/index.ts – matchRule(), TradingRule, Batch Typen",live,nein,BELEGT
MP-004,Escrow Milestone Controller,"Mehrstufige Escrow-Abwicklung für Trade-Agreements: steuert Milestones (deposit, qa_release, final), prüft ShinrAi-Score + Batch-Status vor jeder Freigabe, unterstützt Dispute/Freeze-Status. Verwendet x-escrow-controller-key.",Marketplace,Trade,Importer/Exporter,automatisiert,In: escrow_agreement_id + milestone action; Out: Freigabe- oder Blockier-Entscheidung mit Grund,"supabase/functions/escrow-milestone-controller/index.ts – TERMINAL_AGREEMENT_STATUSES, MilestonePayment, EscrowAgreement Typen",live,nein,BELEGT
MP-005,InfinityYou Escrow Guard (AR Hard Freeze),Spezial-Escrow-Guard der InfinityYou-Schicht: empfängt AR-Signale (Kontaminations-/SOP-Verletzungs-Alerts) und friert Escrow-Agreements farm-weit ein. Verknüpft mit infinityou_mandated-Flag.,übergreifend,Trust/Audit,Platform/BackOffice,automatisiert,"In: AR-Payload (batch_id, exporter_id, Grund) via x-infinityou-ar-key; Out: gefrorene Agreements + Payments","supabase/functions/infinityou-escrow-guard/index.ts – FREEZE_STATUS, freezeReason(), farm-level freeze logic",live,nein,BELEGT
MP-006,Marketplace-Preis-Intelligence,"AI-Preisintelligenz für Batches: drei Modi (analyze_batch, analyze_all, quick_estimate). Nutzt Anthropic-API für Marktbewertung basierend auf THC, Zertifizierung, Compliance-Score, Zielmarkt. Rate-Limit: 30 req/h/IP.",Marketplace,Trade,Exporter/Importer,AI-gestützt,"In: batch_id oder global; Out: geschätzter Marktpreis EUR, Konfidenz, Rationale, Empfehlung","supabase/functions/marketplace-price-intelligence/index.ts – VALID_ACTIONS: analyze_batch, analyze_all, quick_estimate",live,nein,BELEGT
MP-007,Compliance Score API,REST-API für Batch-Compliance-Scores: liefert grünen/gelben/roten Status pro Batch oder Aggregat-Statistiken aller gelisteten Batches. Unterstützt API-Key- und Bearer-Auth.,Marketplace,Quality/GxP,Exporter/Partner-Systeme,automatisiert,"In: batch_id oder batch_number (Query-Param); Out: compliance_score, certification, status, Statistiken","supabase/functions/compliance-score-api/index.ts – GET endpoint, aggregat stats",live,nein,BELEGT
MP-008,Regulatorischer Monitor (4 Aktionen),"Regulatorisches Radar: liefert länderspezifische Import-Regularien, liest Regulatory-Updates aus DB, prüft Batch-Impact gegen aktuelle Regeln und führt AI-Scan via Anthropic durch.",Marketplace,Regulatory,Exporter/Admin,AI-gestützt,"In: action (get_current_regulations|get_updates|check_batch_impact|ai_scan) + optional batch_id; Out: Regulierungs-DB, Updates, Impact-Assessment","supabase/functions/marketplace-regulatory-monitor/index.ts – VALID_ACTIONS, CURRENT_REGULATIONS Konstante",live,nein,BELEGT
MP-009,Zielmarkt-Analyse,"Analysiert für einen Batch, welche Länder grün/gelb/rot sind (Exportierbarkeit), basierend auf Zertifizierung, Produktform und aktueller Regulierungsdatenbank für alle Länder mit legalem medizinischem Cannabis-Import.",Marketplace,Regulatory,Exporter,automatisiert,"In: Batch-Profil (certification, category, origin, THC/CBD); Out: Markt-Liste mit status und Exportierbarkeit","supabase/functions/marketplace-target-market-analysis/index.ts – analyzeMarkets(), exportable/conditional/blocked",live,nein,BELEGT
MP-010,Supply-Chain-Tracker (Batch-Tracking + RFC-3161-Timestamping),"Vollständiges Supply-Chain-Event-Tracking: registriert Events (pickup, checkpoint, customs, handover, temperature), erstellt RFC-3161-Timestamps via freeTSA.org, berechnet HMAC-Integrität, unterstützt EPCIS-Export und öffentliche Tracking-Token-Verifikation.",Marketplace,Logistics,Exporter/Importer/Logistik,automatisiert,"In: event_type + batch_id + Token (GET/POST); Out: signierte Events, RFC-3161-Token, EPCIS-Feed, Tracking-Status","supabase/functions/supply-chain-tracker/index.ts – getRFC3161Timestamp(), HMAC, epcis action, verify action",live,nein,BELEGT
MP-011,Carrier-Webhook (DHL/FedEx/UPS/DPD),"Empfängt und normalisiert Carrier-Webhooks von DHL, FedEx, UPS und DPD: mappt carrierspezifische Status-Codes auf interne Supply-Chain-Events, leitet Notifications aus.",Marketplace,Logistics,Platform/BackOffice,automatisiert,In: Carrier-Webhook-Payload (x-dhl-signature etc.); Out: normalisiertes Supply-Chain-Event in DB,"supabase/functions/carrier-webhook/index.ts – dhlEventMap, fedexEventMap, upsEventMap, dpdEventMap",live,nein,BELEGT
MP-012,Audit-Routen-Optimizer,Optimiert Auditor-Reiserouten: plant Besuchs-Reihenfolgen für Exporter-Standorte innerhalb eines konfigurierbaren Radius (default 50 km) basierend auf cw_auditor_schedules-Tabelle.,Marketplace,Trust/Audit,Auditor/Admin,automatisiert,In: auditor_id + route_radius_km + optional action; Out: optimierte Besuchsreihenfolge mit Metadaten,"supabase/functions/audit-route-optimizer/index.ts – cw_auditor_schedules, x-audit-route-secret",live,nein,BELEGT
MP-013,Carbon Footprint Calculator,"Berechnet CO2-Äquivalent-Fußabdruck pro Batch: aggregiert Einträge aus emission_factors-Tabelle nach Phasen, liefert Breakdown, per-kg-CO2e und Benchmark-Vergleich. Haversine-Distanzberechnung für Transport.",Marketplace,Regulatory,Exporter/Importer,automatisiert,"In: batch_id (GET ?action=summary|factors); Out: total_co2e_kg, Phasen-Breakdown, per_kg_co2e, benchmark_avg","supabase/functions/carbon-footprint/index.ts – Haversine, emission_factors, carbon_footprint_entries",live,nein,BELEGT
MP-014,Blockchain-Anchor auf Polygon,"Verankert Batch-Event-Hashes auf Polygon/Amoy via HashStore.sol: berechnet SHA-256-Kette über alle Supply-Chain-Events, schreibt On-Chain via viem. Unterstützt Mock-Modus wenn kein RPC-Key.",übergreifend,Trust/Audit,Exporter/Platform,automatisiert,"In: batch_id; Out: tx_hash, Polygonscan-URL, network, chain_hash","supabase/functions/blockchain-anchor/index.ts – HashStore.sol via viem, sha256hex, polygon/polygonAmoy",live,nein,BELEGT
MP-015,Qualitäts-Prognose (Shelf Life),"KI-Prognose (Anthropic) für Batch-Qualität und Haltbarkeitsdauer: analysiert THC, CBD, Zertifizierung, Herkunft, Verfallsdatum und liefert predicted_shelf_life_days + confidence_score.",Marketplace,Quality/GxP,Exporter/Importer,AI-gestützt,"In: batchId (UUID); Out: predicted_shelf_life_days, quality_indicators, confidence_score, AI-Reasoning",supabase/functions/quality-prediction/index.ts – Anthropic prompt mit Batch-Daten,live,nein,BELEGT
MP-016,Yield Finance Scorer,"Finanzrisiko-Scoring für Batches/Deals: bewertet Investment-Risk mit Grades A–E und Entscheidungen approve/review/decline basierend auf Compliance-Score, Preis, offiertem Preis, Zielmarkt-Abdeckung.",Marketplace,Trade,Importer/Platform,automatisiert,"In: batch_number, compliance_score, price, offered_price, target_markets; Out: risk_grade (A-E), decision, hard_blockers","supabase/functions/yield-finance-scorer/index.ts – riskGrade(), decision(), grade A≥85/B≥72/C≥58/D≥45/E",live,nein,BELEGT
MP-017,Autonomes Rechnungs-Engine (CannaLedger),"Vollautomatische Rechnungsstellung für abgeschlossene Trade-Requests: erstellt Invoices, Payment-Splits und Ledger-Transaktionen (invoice_issued, tax_accrual, payment_split). Idempotenz-gesichert. Nur für Status exporter_accepted/admin_approved/payment_pending/paid.",Marketplace,Billing,Exporter/Importer,automatisiert,"In: purchase_request_id + optional force; Out: invoice, payment_splits, ledger_transactions","supabase/functions/autonomous-billing-engine/index.ts – ledgerRows(), CannaLedger engine, invoices-Tabelle",live,nein,BELEGT
MP-018,Interner Billing-Router (5 Service-Features),"Payments-Orchestrator für gebührenpflichtige Plattform-Features: routet Kredit-Abbuchung oder Stripe-Checkout für 5 Features: ai-dossier (Trade Evidence Pack), dossier-generation (Trade Case Setup), gacp-gap-audit (Remote Auditor Review), eu-gmp-readiness-audit (Mock/On-site Review), document-review (Readiness Triage).",Marketplace,Billing,Exporter/Importer,automatisiert,In: feature key + payment_method (credits|stripe|auto) + Idempotency-Key; Out: Stripe-Checkout-URL oder Kredit-Abbuchungsbestätigung,supabase/functions/cw-internal-billing-router/index.ts – FEATURE_CATALOG mit 5 Einträgen,live,nein,BELEGT
MP-019,Rechnungs-Zahlung erstellen (Invoice Payment),"Erstellt Stripe-Checkout für manuelle Invoice-Zahlungen. Nutzt payment-provider-Shared-Module; unterstützt stripe, opn, 2c2p, adyen, bank_transfer, wise, manual (nur stripe implementiert).",Marketplace,Billing,Importer,automatisiert,In: invoice_id + provider; Out: Stripe-Checkout-Session-URL,"supabase/functions/create-invoice-payment/index.ts – recordPaymentProviderTransaction, assertProviderImplemented",live,nein,BELEGT
MP-020,Produkt-Kaufcheckout erstellen,"Erstellt Stripe-Checkout-Session für Batch-Einzelkauf (pay-per-use). Normalisiert Payment-Provider, loggt Provider-Transaction.",Marketplace,Billing,Importer,automatisiert,In: batch_id + amount + provider; Out: Stripe-Checkout-URL + Order-Record,"supabase/functions/create-purchase-checkout/index.ts – normalizePaymentProvider, recordPaymentProviderTransaction",live,nein,BELEGT
MP-021,Service-Zahlung erstellen (Post-Harvest etc.),"Erstellt Stripe-Checkout für einzelne Service-Buchungen (Post-Harvest-Services, Custom). Getrennte Funktion für service-spezifische Metadaten.",Marketplace,Billing,Exporter,automatisiert,In: service_type + amount; Out: Stripe-Checkout-URL,supabase/functions/create-service-payment/index.ts,live,nein,BELEGT
MP-022,Abonnement-Checkout erstellen,Erstellt Stripe-Checkout für Marketplace-Abonnements (Starter/Professional/Enterprise-Tiers). Speichert Provider-Subscription-ID.,Marketplace,Billing,Exporter/Importer,automatisiert,In: price_id + mode (subscription|payment); Out: Stripe-Checkout-URL,supabase/functions/create-subscription-checkout/index.ts – Stripe Subscription-Mode,live,nein,BELEGT
MP-023,Stripe-Webhook-Verarbeitung,"Verarbeitet Stripe-Events (checkout.session.completed, payment_intent.succeeded etc.): aktualisiert stripe_purchase_fulfillments und Payment-Provider-Transaktions-Status.",Marketplace,Billing,Platform/BackOffice,automatisiert,In: Stripe-Webhook-Event (signiert); Out: Fulfillment-Status-Update in DB,"supabase/functions/stripe-webhook/index.ts – stripe_purchase_fulfillments, markPaymentProviderTransaction",live,nein,BELEGT
MP-024,Zahlungsverifizierung (Checkout-Session),Verifiziert abgeschlossene Stripe-Checkout-Session nach Redirect: prüft Payment-Status und aktiviert erworbene Leistung.,Marketplace,Billing,Importer/Exporter,automatisiert,"In: session_id (JWT-Auth); Out: payment_status, fulfillment confirmation","supabase/functions/verify-payment/index.ts – Stripe, markPaymentProviderTransaction",live,nein,BELEGT
MP-025,Service-Zahlungsverifizierung,Verifiziert Service-spezifische Stripe-Session (batchId + serviceType): prüft ob korrekte Leistung bezahlt wurde und gibt Zugang frei.,Marketplace,Billing,Exporter,automatisiert,In: sessionId + batchId + serviceType (JWT-Auth); Out: verified boolean + service access,"supabase/functions/verify-service-payment/index.ts – sessionId, batchId, serviceType",live,nein,BELEGT
MP-026,Kunden-Portal (Stripe),"Generiert Stripe-Kunden-Portal-Link für Self-Service Abonnement-Management (Kündigung, Upgrade, Zahlungsmethode ändern).",Marketplace,Billing,Exporter/Importer,automatisiert,In: Bearer JWT; Out: Stripe-Portal-URL,supabase/functions/marketplace-customer-portal/index.ts – Stripe Customer Portal,live,nein,BELEGT
MP-027,Abonnement-Status-Check,Prüft aktives Stripe-Abonnement eines Users und bestimmt Tier (Starter/Professional/Enterprise) anhand Product-ID.,Marketplace,Billing,Frontend,automatisiert,"In: Bearer JWT; Out: subscribed bool, product_id, subscription_end",supabase/functions/marketplace-check-subscription/index.ts – Stripe customers + subscriptions list,live,nein,BELEGT
MP-028,Forex-Raten-Service,"Liefert aktuelle Wechselkurse (EUR/THB/USD) mit Cache: primär exchangerate-api.com, Fallback fixer.io, dann Hardcode-Fallback. Cacht in forex_cache-Tabelle.",Marketplace,Trade,Platform/Frontend,automatisiert,In: base_currency + symbols; Out: Raten-Map + Source,"supabase/functions/forex-rates/index.ts – forex_cache Tabelle, fetchRatesFromApi()",live,nein,BELEGT
MP-029,Dokument-Ablauf-Monitor,"Überwacht Ablaufdaten von GACP-Zertifikat, EU-GMP-Zertifikat, Thai-FDA-Exporterlaubnis und EU-Import-Autorisierung pro Batch: erstellt Alert-Events und suspendiert Batches bei Ablauf.",Marketplace,Quality/GxP,Exporter/Admin,automatisiert,"In: Cron/Trigger; Out: document_expired/critical/warning Events, Batch-Suspension","supabase/functions/document-expiry-check/index.ts – permit_gacp_expiry, permit_gmp_expiry, permit_thai_fda_expiry, permit_eu_import_expiry",live,nein,BELEGT
MP-030,Compliance-Routen-Konfigurator,"Bestimmt optimale Handelsroute für Batch basierend auf Produktform und Herkunft: wählt zwischen eu_extraction, pilot_validation und anderen Routen. Unterstützt Katalog, Quote und Save-Aktionen.",Marketplace,Regulatory,Exporter/Importer,automatisiert,"In: origin_country, destination_country, product_form, customer_type, preferred_route; Out: RouteKey + Quote","supabase/functions/compliance-route-configurator/index.ts – DEFAULT_BY_PRODUCT, isEuLikeCountry(), routeDirection()",live,nein,BELEGT
MP-031,Integrity Alert (Audit-Ketten-Bruch),Sendet Admin-Alarm und E-Mail wenn Audit-Kette eines Batches gebrochen ist (Tampering-Detection): schreibt Notification in DB und verschickt HTML-E-Mail mit Batch-Referenz.,Marketplace,Trust/Audit,Admin,automatisiert,In: batchId + batchNumber + brokenAt + verifiedEntries + totalEntries; Out: DB-Notification + E-Mail,"supabase/functions/integrity-alert/index.ts – notifications.insert, HTML-E-Mail mit dc2626-CTA",live,nein,BELEGT
MP-032,Legal Acceptance & Consent-Logging,"Protokolliert Annahme von Rechtsdokumenten (AGB, NDA, Service-Terms, DPA, AI-Processing, Marketing, Marketplace-Listing) mit Content-Hash-Verifikation und Versionierung. Unterstützt mehrere Dokumente + Consents in einer Transaktion.",Marketplace,Documents,Exporter/Importer,automatisiert,"In: documents[] + consents[] + contextType; Out: acceptanceIds[], consent records","supabase/functions/legal-acceptance/index.ts – legal_documents, acceptanceType enum",live,nein,BELEGT
MP-033,API-Key-Management (Marketplace),"Erstellt, listet und verwaltet API-Keys mit Scopes (auth_sync, cross_login, batch_status, compliance_check). Keys werden als SHA-256-Hash gespeichert. Admin-Rolle erforderlich für service-role-Operationen.",Marketplace,Platform/Identity,Admin/Partner,automatisiert,In: name + project_name + scopes + expires_at; Out: raw API-Key (einmalig) + Metadaten,"supabase/functions/manage-api-keys/index.ts – api_keys Tabelle, hashApiKey(), scopes",live,nein,BELEGT
MP-034,Admin-Rollen-Verwaltung (Marketplace),Prüft und verwaltet Admin-Rollen für Marketplace-User: verifiziert über user_roles-Tabelle ob Caller Admin ist.,Marketplace,Platform/Identity,Admin,automatisiert,In: Bearer JWT; Out: isAdmin boolean + role list,supabase/functions/marketplace-admin-roles/index.ts – user_roles.select(role),live,nein,BELEGT
MP-035,Cross-Login (SSO Magic-Link),"Generiert Magic-Links für Cross-Platform-SSO zwischen Cannaworld-Apps (Thailand, Marketplace, GMP-AICert): Token-basiert, leitet User zu Ziel-App weiter ohne Re-Login.",übergreifend,Platform/Identity,Alle Nutzer,automatisiert,In: Bearer JWT + target app; Out: login_url (Magic-Link) für Ziel-App,"supabase/functions/cross-login/index.ts – TARGET_URLS Record, generateLink via admin client",live,nein,BELEGT
MP-036,Cross-Platform-API (Sync-Orchestrator),"Koordiniert Cross-Platform-Datensynchronisation: Aktionen audit_sync, notify_sync, connection_status, regulatory_sync, compliance_sync. Rate-Limiting pro Action und Client-ID.",übergreifend,Platform/Identity,Partner-Systeme/Apps,automatisiert,In: action + API-Key; Out: Sync-Ergebnis + Status,"supabase/functions/cross-platform-api/index.ts – VALID_ACTIONS, RATE_LIMITS (audit_sync:30, notify_sync:15)",live,nein,BELEGT
MP-037,Auth-Sync (Willkommens-E-Mail + Profile-Sync),DB-Webhook-Handler für neue User-Registrierungen: sendet Willkommens-E-Mail via SMTP und synchronisiert User-Profile zwischen Apps. Reagiert auf auth.users INSERT.,Marketplace,Platform/Identity,Neue Nutzer,automatisiert,In: Supabase-Webhook-Payload (auth.users INSERT) oder action=welcome_email; Out: E-Mail + Profil-Sync,"supabase/functions/auth-sync/index.ts – welcome_email action, nodemailer SMTP",live,nein,BELEGT
MP-038,CRM-Integration (HubSpot),"Synchronisiert Marketplace-Kontakte (Leads, Importeure, Exporteure) mit HubSpot CRM: erstellt Companies, Contacts und Associations. Derzeit Mock-Mode (lokal gespeichert, kein echter HubSpot-Push solange kein API-Key).",Marketplace,Marketing/GTM,Sales/Admin,automatisiert,"In: company_name, contact_name, email, phone, country, contact_type; Out: HubSpot IDs (Mock: lokale IDs)","supabase/functions/crm-integration/index.ts – Mock-Mode Hinweis, syncContact(), HubSpot-Endpoints",im-Code,nein,BELEGT
MP-039,SAP-Integration (Goods Receipt / QM / Delivery Note),"Generiert SAP-kompatible XML/JSON-Exports für Goods Receipt (MIGO), Quality Certificate (QM01) und Delivery Note (VL01N): listet Export-Log, ermöglicht Download per ID.",Marketplace,Data/AI,Importer (SAP-Nutzer),automatisiert,In: action (generate_goods_receipt|generate_quality_certificate|generate_delivery_note|list|download) + batch_id; Out: XML/JSON-Datei + sap_export_log-Eintrag,"supabase/functions/sap-integration/index.ts – MIGO, QM01, VL01N Dokument-Typen",live,nein,BELEGT
MP-040,SAP S/4HANA OData Push,Pusht Daten direkt an SAP S/4HANA via OData v4 API mit CSRF-Token-Handshake. Unterstützt Field-Mapping-Transformationen aus sap_field_mappings-Tabelle. Fallback: Mock-Modus wenn SAP-URL fehlt.,Marketplace,Data/AI,Importer (SAP S/4HANA),automatisiert,"In: export_id; Out: sap_document_number, push-Status","supabase/functions/sap-s4hana/index.ts – generateOData(), pushOData(), OData v4 fetch",im-Code,nein,BELEGT
MP-041,Daten-Export (CSV/Multi-Entity),"Exportiert Marketplace-Daten als CSV: Batch-Events, Lab-Ergebnisse, Recalls, Rejections, Packaging, Samples – filterbar nach batch_id/shipment_id.",Marketplace,Data/AI,Exporter/Admin,automatisiert,In: action (batch_events|lab_results|recalls|rejections|packaging|samples) + filter; Out: CSV-Datei,"supabase/functions/data-export/index.ts – fetchBatchEvents, fetchLabResults, fetchPackaging, fetchSamples",live,nein,BELEGT
MP-042,Polygon-Mint Audit-Passport NFT,"Mintet ERC-721 Audit-Passport-NFT auf Polygon für verifizierte Batches: pinnt Metadaten (CoA-Hash, GACP/GMP-Audit, ShinrAi-Score) an IPFS via Pinata, ruft AuditPassport.mint() auf. Schreibt in audit_passport_nfts-Tabelle.",übergreifend,Trust/Audit,Exporter/Importer,automatisiert,"In: batch_id + recipient (Wallet-Adresse) via Bearer JWT; Out: token_id, tx_hash, ipfsURI, Polygonscan-URLs","supabase/functions/polygon-mint-passport/index.ts – AuditPassport.sol, Pinata IPFS, viem mint()",live,nein,BELEGT
MP-043,Batch-Token-Verifizierung (Öffentlich),"Öffentliche Echtheitsprüfung eines Batches via QR-Code-Token: liefert Batch-Profil (THC, CBD, Zertifizierung, Status, Compliance-Score) + Token-Metadaten (issued_at, verified_count, expires_at). Erhöht verified_count bei jedem Scan.",Marketplace,Trust/Audit,Endkunde/Apotheke/Behörde,automatisiert,In: token (String ≤100 Zeichen); Out: batch data + token metadata + carbon_footprint Summary,"supabase/functions/verify-batch-token/index.ts – batch_verification_tokens, verified_count increment",live,nein,BELEGT
MP-044,Service-Anfrage Notification (Email),"Sendet E-Mail-Benachrichtigung bei neuer Service-Anfrage: strukturierter HTML-Body mit service_type, company_name, email, phone, message, batch_reference an Team-E-Mail.",Marketplace,Support/BackOffice,CannaWorld-Team,automatisiert,In: service_type + company_name + contact_name + email + phone + message + batch_reference; Out: HTML-E-Mail,"supabase/functions/notify-service-inquiry/index.ts – nodemailer, service_type Feld",live,nein,BELEGT
MP-045,Marketplace-Benachrichtigungsmail (Event-Templates),"Sendet event-spezifische HTML-E-Mails: batch_created, batch_approved, batch_listed, post_harvest_requested, post_harvest_status_change, invoice_email, payment_received, onboarding_incomplete. Routing zu User oder Team-Mailbox.",Marketplace,Support/BackOffice,Exporter/Importer/Admin,automatisiert,In: event + recipient_email + event-spezifische Felder; Out: HTML-E-Mail via SMTP,"supabase/functions/marketplace-send-notification-email/index.ts – EmailEvent Union-Typ, eventTitles Map",live,nein,BELEGT
MP-046,SEO Indexing Notify (Google),Sendet URL-Update/Delete-Signale an Google Indexing API via OAuth2 Service-Account: beschleunigt Indexierung neuer Batch-Listings und Regulatory-Updates.,Marketplace,Marketing/GTM,Platform/SEO,automatisiert,In: urls[] + type (URL_UPDATED|URL_DELETED); Out: Google-API-Ergebnisse pro URL,"supabase/functions/indexing-notify/index.ts – googleapis.com/v3/urlNotifications:publish, OAuth2",live,nein,BELEGT
MP-047,Real-Estate-Matching (Facility/Standort),"Matched Immobilien-/Facility-Listings mit Buyer-Präferenzen (Preis, Region, Typ, Größe, ShinrAi-Score) und berechnet gewichteten Match-Score (excellent/good/fair/poor) für Cannabis-Facility-Akquisitionen in Thailand.",Marketplace,Facility,Importer/Investor,automatisiert,In: buyer_preferences; Out: Match-Liste mit Score-Dimensions und match_level,"supabase/functions/match-real-estate/index.ts – real_estate_listings, buyer_preferences, matchScore Dimensions",live,nein,BELEGT
MP-048,Marketplace-Listing (Batch-Catalog),"Frontend-Batch-Marktplatz mit Echtzeit-Updates: filtert nach Kategorie, Zertifizierung, Status, Zielmarkt, ShinrAi-Score, Suche. Unterstützt Batch-Vergleich und Bid-Platzierung. Postgres Realtime auf batches-Tabelle.",Marketplace,Trade,Importer/Exporter,automatisiert,"In: Filter-Params; Out: Batch-Liste (live via Realtime), Vergleichsansicht","src/pages/Marketplace.tsx – listing_status enum, Realtime postgres_changes",live,nein,BELEGT
MP-049,Verdecktes Gebot / Auction (Bid-System),Importeure können verdeckte Gebote auf Batches abgeben und stornieren. Echtzeitaktualisierung der Gebotsansicht für Exporter via Supabase Realtime.,Marketplace,Trade,Importer/Exporter,automatisiert,"In: batch_id + amount + notes; Out: bid-Eintrag in bids-Tabelle, Realtime-Update","src/hooks/useBids.ts – bids.insert, useBidsForBatch Realtime",live,nein,BELEGT
MP-050,Deal-Room (Private Verhandlungs-Workspace),"Privater Verhandlungs-Raum pro Purchase-Request: zeigt Batch-Daten, Verhandlungsstatus, Rollen (Buyer/Seller). Navigiert zu /importer-deals.",Marketplace,Trade,Importer/Exporter,automatisiert,In: purchase_request id; Out: Deal-Room-View mit Batch-Kontext und Counterparty-Namen,"src/pages/DealRoomPage.tsx – purchase_requests-Tabelle, isImporter-Role",live,nein,BELEGT
MP-051,Importer-Deal-Pipeline,Deal-Tracking-Ansicht für Importeure: Purchase Requests von Quote bis Delivery mit Status-Pipeline.,Marketplace,Trade,Importer,automatisiert,In: User-Auth; Out: gefilterte Purchase-Request-Liste nach Status,src/pages/ImporterDeals.tsx – DealPipeline Komponente,live,nein,BELEGT
MP-052,Exporter-Onboarding (3-Schritt-Wizard),"Exporter-Registrierungs-Wizard: Schritt 1 Firmendaten + Lizenz, Schritt 2 Facility-Infos, Schritt 3 Produktinformationen. Submit triggert Admin-Review.",Marketplace,Platform/Identity,Exporter (TH),menschlich,"In: Firmendaten, Lizenz, Facility-Size, Produkte; Out: Onboarding-Submission in DB","src/pages/ExporterOnboarding.tsx – 3-step Wizard, license_label Input",live,nein,BELEGT
MP-053,Importer-Onboarding (EU-Wizard),"Importer-Registrierungs-Wizard für EU-Käufer: ImporterOnboardingWizard-Komponente führt durch Compliance-Nachweis, Lizenz-Upload, Ziel-Märkte.",Marketplace,Platform/Identity,Importer (EU),menschlich,"In: Firmendaten, Import-Lizenz, Zielmarkt-Angaben; Out: Onboarding-Submission",src/pages/ImporterOnboarding.tsx – ImporterOnboardingWizard Komponente,live,nein,BELEGT
MP-054,Admin-Onboarding-Review,"Admin-Interface zur Prüfung und Entscheidung über Exporter-Onboarding-Submissions: Statusübergänge submitted/under_review/approved/rejected/info_requested, Review-Notes, ShinrAi-Score-Radar-Ansicht.",Marketplace,Support/BackOffice,Admin,menschlich,In: Admin-Review mit Notizen; Out: Onboarding-Status-Update,"src/pages/AdminOnboardingReview.tsx – ShinraiScoreRadar, STATUS_MAP mit 5 Zuständen",live,nein,BELEGT
MP-055,Verifikations-Status-Tracking (Exporter),"Self-Service Fortschritts-Ansicht für Exporteure: zeigt welche Verifizierungsschritte (Dokumente uploaded, geprüft, genehmigt) abgeschlossen sind. Listet pending/rejected/approved verification_documents.",Marketplace,Platform/Identity,Exporter,automatisiert,"In: User-Auth; Out: Schritte-Status, Dokument-Liste, Fortschritts-Prozentsatz","src/pages/VerificationStatus.tsx – verification_documents Tabelle, Progress-Bar",live,nein,BELEGT
MP-056,Supplier-Case-Files (Compliance-Profile),Verwaltet Exporter-Compliance-Profile mit Status-Lifecycle: registered_supplier → verified_supplier → export_ready_supplier → conditional/suspended/delisted. Zeigt semiannual_audit_due_at und Dokument-Typen.,Marketplace,Quality/GxP,Admin/Exporter,menschlich,In: Admin-Filter nach Status; Out: Supplier-Case-Liste mit Audit-Fälligkeitsdaten,"src/pages/SupplierCaseFiles.tsx – Status-Enum, semiannual_audit_due_at",live,nein,BELEGT
MP-057,Post-Harvest-Services (5 Dienste),"Buchungs-Interface für 5 Post-Harvest-Services: EU-GMP Drying, Gamma Irradiation, GMP Repackaging, Re-Analysis & CoA, Certification Support. Erstellt post_harvest_orders mit service_type.",Marketplace,Quality/GxP,Exporter,menschlich,In: service_type + batch_id + Menge; Out: post_harvest_orders-Eintrag + Notification-Trigger,"src/pages/PostHarvestServices.tsx – SERVICE_KEYS: drying, irradiation, repackaging, re_analysis, certification_support",live,nein,BELEGT
MP-058,GMP-Training-Records (Schulungsnachweise),"Zeigt GMP/GACP-Schulungsnachweise pro Mitarbeiter: Module (GACP Foundation, EU-GMP Sanitization, Batch Record Documentation, Pest Management), Status, Score, Staff-Qualifier-Matrix.",Marketplace,Education,Exporter (Facility),menschlich,In: Facility-Auth; Out: Schulungsmatrix mit Status Completed/In Progress/Expired,"src/pages/TrainingRecords.tsx – records Array, Staff Qualification Matrix",im-Code,nein,BELEGT
MP-059,Compliance-Dashboard,"Echtzeit-Compliance-Cockpit: zeigt Compliance-Score, aktive Alerts (z.B. GACP Audit fällig), GACP-Status, EU-GMP-Readiness-Status, Lab-Reports-Link, Audit-Trail-Aktivität.",Marketplace,Quality/GxP,Exporter,automatisiert,"In: User-Auth; Out: Score-Widget, Alert-Liste, Status-Karten","src/pages/ComplianceDashboard.tsx – GACP, EU-GMP, Lab-Reports, Audit-Trail Karten",live,nein,BELEGT
MP-060,Compliance-Reports (PDF-Export-Paket),"Generiert und listet Compliance-Reports: GACP Audit, Lab Results, GAP Analysis, Facility Approval. Unterstützt Export-Alle und PDF-View-Download.",Marketplace,Quality/GxP,Exporter/Importer,menschlich,"In: User-Auth; Out: Report-Liste mit Datum/Status/Typ, Export-ZIP-Funktion","src/pages/ComplianceReports.tsx – reports Array: GACP, Lab, GAP, Layout Approval",im-Code,nein,BELEGT
MP-061,Regulatory Intelligence Feed,Live-Feed regulatorischer Updates: listet Änderungen nach Land/Datum mit Dismiss-Funktion. Verbunden mit marketplace-regulatory-monitor (AI-Scan-Button).,Marketplace,Regulatory,Exporter/Importer,automatisiert,"In: User-Auth; Out: regulatory_updates-Liste mit regulation_reference, Tab: updates","src/pages/RegulatoryIntelligence.tsx – regulatory_updates Tabelle, AI-Scan via Edge Function",live,nein,BELEGT
MP-062,Regulatory Watch (Scan-Trigger),Manual-Scan-Interface für Regulatorische Updates: triggert marketplace-regulatory-monitor Edge Function und zeigt neue Updates-Anzahl.,Marketplace,Regulatory,Admin/Exporter,AI-gestützt,"In: User-Auth (Scan-Button); Out: neue Update-Zahl, aktualisierte regulatory_updates-Tabelle","src/pages/RegulatoryWatch.tsx – invoke regulatory-watch, dismiss update",live,nein,BELEGT
MP-063,Logistik-Dashboard (GDP-Shipment-Tracking),"Logistik-Cockpit für Sendungen: Status-Schritte preparing/shipped/in_transit/customs/delivered/completed, Filter nach Tracking-Nummer/Carrier, Statistiken (active, in_customs, delivered_today). GDP-qualifizierte Carrier.",Marketplace,Logistics,Exporter/Importer,automatisiert,"In: User-Auth; Out: shipments-Liste mit Status, Carrier, Tracking-Nummer","src/pages/LogisticsDashboard.tsx – statusSteps, shipments Tabelle",live,nein,BELEGT
MP-064,Batch-Scan (Mobile Event-Erfassung),"Mobile QR-Scanner für Supply-Chain-Events: Logistikpersonal scannt Token und erfasst Events (picked_up, arrived_checkpoint, customs_cleared, handed_over, temperature_check, inspection_passed). Ruft supply-chain-tracker Edge Function.",Marketplace,Logistics,Logistik-Personal,automatisiert,In: Token + scanner_name + event_type; Out: neues Supply-Chain-Event in DB,"src/pages/BatchScan.tsx – event_types Array, supply-chain-tracker Fetch",live,nein,BELEGT
MP-065,Batch-Track (Öffentliches Tracking),"Öffentliche Batch-Tracking-Seite mit RFC-3161-Timestamps und Blockchain-TX-Hash: zeigt Supply-Chain-Events mit Hashes, rfc3161_timestamp_at. EPCIS-kompatibel.",Marketplace,Logistics,Öffentlich/Apotheke,automatisiert,In: public token; Out: Batch-Profil + Events mit Hashes + blockchain_tx_hash,"src/pages/BatchTrack.tsx – rfc3161_timestamp, blockchain_tx_hash, event_hash Felder",live,nein,BELEGT
MP-066,Batch-Verifizierung (Public QR-Check),"Öffentliche Verifizierungsseite: User gibt Token ein oder scannt QR-Code, erhält Batch-Compliance-Status, THC/CBD, Zertifizierung, Herkunft, Carbon-Footprint.",Marketplace,Trust/Audit,Öffentlich/Behörde,automatisiert,In: token (URL-Param); Out: valid bool + Batch-Daten + Carbon-Footprint-Summary,"src/pages/BatchVerify.tsx – verify-batch-token Invoke, QRCodeSVG",live,nein,BELEGT
MP-067,Batch-Erstellen (Exporter),"Exporter-Interface zum Anlegen neuer Batches: erfasst Produkt, Kategorie, THC/CBD, Menge, Herkunft, Zertifizierungsgrad, Zielmarkte. Startet ShinrAi-Analyse-Workflow.",Marketplace,Cultivation,Exporter,menschlich,In: Batch-Metadaten Formular; Out: neuer batches-Eintrag + Analyse-Job,src/pages/CreateBatch.tsx,live,nein,BELEGT
MP-068,Meine Batches (Exporter-Verwaltung),"Exporter-Übersicht aller eigener Batches mit Status-Filter, Aktionen (listen, archivieren) und ShinrAi-Score-Anzeige.",Marketplace,Cultivation,Exporter,automatisiert,In: User-Auth; Out: batches-Liste nach exporter_id,src/pages/MyBatches.tsx,live,nein,BELEGT
MP-069,Batch-Detail (Exporter-Ansicht),"Detailansicht eines Batches: CoA-Upload, Dokument-Verwaltung, Bid-Übersicht, Supply-Chain-Events, ShinrAi-Score-Details.",Marketplace,Quality/GxP,Exporter,automatisiert,In: batch_id; Out: vollständiges Batch-Profil + Bids + Events,src/pages/BatchDetail.tsx,live,nein,BELEGT
MP-070,Buyer-Präferenzen-Profil (Real Estate),"Speichert und verwaltet Käufer-Präferenzen für Cannabis-Facility-/Immobilien-Matching: Gewichtungen für Preis, Location, Typ, Größe (weight_price default 5), Regionen, Länder, Lizenz-Status.",Marketplace,Facility,Importer/Investor,automatisiert,"In: Präferenz-Profil (Gewichtungen, Filter); Out: buyer_preferences-Eintrag","src/pages/BuyerPreferencesPage.tsx – weight_price, propertyTypeLabel, regionLabel",live,nein,BELEGT
MP-071,Importer-Spezifikations-Profil,"Importer definiert Anforderungen an Cannabis-Batches: Zielländer (DE, NL, IT, ES, PL, FR, PT, CZ, DK, AT, CH, GB, AU, IL und weitere), Zertifizierungsstandards, Qualitätskriterien.",Marketplace,Trade,Importer,menschlich,"In: Zielland-Auswahl, Qualitätskriterien; Out: importerSpecs-Profil",src/pages/ImporterSpecsPage.tsx – Länder-Liste 14+ Codes,live,nein,BELEGT
MP-072,Data-Integrity-Dashboard (Audit-Ketten-Viewer),"Visualisiert die kryptografische Audit-Kette eines Batches: zeigt Integrität, Versions-Badge, Feature-Karten (Audit-Trail, Integrity Engine).",Marketplace,Trust/Audit,Admin/Exporter,automatisiert,"In: batch_id; Out: Integrität-Status, chain Visualisierung","src/pages/DataIntegrity.tsx – integrity_engine_version Badge, audit_trail Feature",im-Code,nein,BELEGT
MP-073,AI Batch Jobs Dashboard,"Frontend-Übersicht laufender KI-Jobs: Quality Prediction, Anomaly Detection, Terpene Profiling, Compliance Scoring – mit Status Running/Completed/Queued und ShinrAi-Powered-Badge.",Marketplace,Data/AI,Admin/Exporter,automatisiert,In: User-Auth; Out: Job-Liste mit progress % + Status,"src/pages/AIBatchJobs.tsx – jobs Array, ShinrAi Powered Badge",im-Code,nein,BELEGT
MP-074,CRM-Pipeline (Vertriebs-Dashboard),Visualisiert 4-stufige Sales-Pipeline (Leads → Verified → Contracting → Export) mit Conversion-Tracking (0 % bis je Status). HubSpot-Visualizer-Placeholder.,Marketplace,Marketing/GTM,Sales/Admin,menschlich,In: DB-Daten; Out: Pipeline-Stufen-Ansicht + Conversion Rates,"src/pages/CrmPipeline.tsx – stages Array mit 4 Stufen, conversion_tracking",im-Code,nein,BELEGT
MP-075,SAP-Integration-Dashboard,"Status-Dashboard für SAP-Konnektivität: zeigt OData v4 (24 ms), RFC Gateway (12 ms), S/4HANA Cloud Sync (Maintenance), PI/PO Bridge (45 ms). Batch/Finance/Compliance/Exporter-Sync-Karten.",Marketplace,Data/AI,IT/Admin,menschlich,"In: User-Auth; Out: SAP-Service-Status, Sync-Modul-Übersicht","src/pages/SapIntegration.tsx – API-Status-Karten, Certified Badge",im-Code,nein,BELEGT
MP-076,Data-Governance-Pack (Policy-Viewer),"Zeigt strukturierte Data-Governance-Richtlinien (GDPR, PDPA, AI-Processing, Data Import, Cookie-Consent, DPA-Klausel, B2B-Data-Rules) als referenzierbare Policy-Dokumente.",Marketplace,Regulatory,Exporter/Importer,menschlich,In: n/a (statisch); Out: Policy-Sections mit Titeln und Volltext,"src/pages/DataGovernance.tsx – 7 Policy-Sections inkl. GDPR, PDPA, AI-Processing",live,nein,BELEGT
MP-077,Quantum Security (Post-Quantum-Kryptografie),"Demo/Pilot Post-Quantum-Kryptografie-Layer: SHA-3-ähnliches Hash (quantumHash), Kyber-Key-Encapsulation (generateKyberKeyPair, kyberEncapsulate), Dilithium-Signaturen (signWithDilithium, verifyDilithiumSignature). 3 Phasen (Phase 1 & 2 done).",Marketplace,Trust/Audit,Platform,automatisiert,"In: Batch-Daten / Public-Key; Out: Hash, Signature, Shared-Secret","src/pages/QuantumSecurity.tsx – lib/quantum-crypto Imports, getSecurityStatus()",im-Code,nein,BELEGT
MP-078,Abweichungs-Management / CAPA,"CAPA-System für GxP-Abweichungen: Log-Deviation-Interface, CAPA-Effizienz-Karte, Recent-Deviations-Liste (derzeit leer/Demo).",Marketplace,Quality/GxP,Exporter (QA),menschlich,"In: Abweichungs-Formular; Out: Deviations-Log in DB, CAPA-Tracking","src/pages/DeviationManagement.tsx – capa_efficiency, log_deviation, recent_deviations",im-Code,nein,BELEGT
MP-079,Importer-Dashboard,"Haupt-Dashboard für Importeure: Overview-Karten, Schnell-Links zu Deals, Spezifikationen, Favoriten, Compliance-Status.",Marketplace,Platform/Identity,Importer,automatisiert,In: User-Auth; Out: Dashboard-Overview,src/pages/ImporterDashboard.tsx,live,nein,BELEGT
MP-080,Exporter-Verifikations-Übersicht (Admin),"Admin-Ansicht aller Exporter-Verifikationen: Thai Highlands, Bangkok Medical Herb, Chiang Mai Genetics mit Status pending/verified/review und Lizenz-Nummern.",Marketplace,Platform/Identity,Admin,menschlich,In: Admin-Auth; Out: Verifikationsliste mit LIC-TH-Nummern,src/pages/ExporterVerification.tsx – verifications Array mit 3 Beispiel-Exporteuren,im-Code,nein,BELEGT
MP-081,Favoriten-Verwaltung (Batches),Importer kann Batches favorisieren und favorisierte Batches abrufen.,Marketplace,Trade,Importer,automatisiert,In: batch_id; Out: favorites-Eintrag in DB,src/pages/Favorites.tsx; src/hooks/useFavorites.ts,live,nein,BELEGT
MP-082,Onboarding Gate (Feature-Lock),"Hook der prüft ob User Onboarding abgeschlossen hat, bevor gebührenpflichtige Features zugänglich sind.",Marketplace,Platform/Identity,Alle Nutzer,automatisiert,"In: User-Auth; Out: onboarding_complete boolean, redirect",src/hooks/useOnboardingGate.ts,live,nein,BELEGT
MP-083,Pull-to-Refresh / Network-Status (Mobile),"Mobile-Optimierungen: Pull-to-Refresh auf Listen, Haptic-Feedback, Network-Status-Detection für Offline-Handling in Capacitor/Ionic.",Marketplace,Platform/Identity,Mobile User,automatisiert,"In: Gesten/Events; Out: Refresh-Trigger, Haptic",src/hooks/usePullToRefresh.ts; useHaptics.ts; useNetworkStatus.ts,live,nein,BELEGT
OC-001,AuditPassport ERC-721 Smart Contract,On-Chain ERC-721 NFT-Vertrag (CannaWorld Audit Passport / CWAP) auf Polygon: mintet unveränderliche Audit-Passports für verifizierte Batches. Enthält CoA-Hash + GACP/GMP-Audit-Hash + ShinrAi-Score (via IPFS URI). Kein Personal-Data on-chain (GDPR-Design). Owner = Gnosis-Safe Multisig für Mainnet. Companion zu MP-042.,übergreifend,Trust/Audit,Exporter/Importer/Behörde,automatisiert,In: recipient address + batchId + IPFS URI (onlyOwner); Out: ERC-721 Token + AuditPassportMinted Event,"contracts/AuditPassport.sol – ERC721URIStorage, batchIdOf, tokenIdOf Mappings",live,nein,BELEGT
OC-002,HashStore Smart Contract (On-Chain Batch-Hash-Ankrung),"Minimaler Event-first Contract auf Polygon für immutable Batch-Hash-Ankrung: storeHash(bytes32, ref) emittiert HashStored-Event, speichert AnchorRecords mit Timestamp und Ankerer-Adresse. Companion zu MP-014.",übergreifend,Trust/Audit,Platform,automatisiert,"In: hash (bytes32) + ref string (onlyOwner); Out: HashStored Event, AnchorRecord","contracts/HashStore.sol – anchors mapping, anchorCount(), latestAnchor()",live,nein,BELEGT
OC-003,IPFS-Metadaten-Pinning (Pinata),"Pinnt Audit-Passport-Metadaten (JSON mit Dokument-Hashes + Verifier-Signaturen, kein Personal-Data) an IPFS via Pinata. Generiert ipfs://-URI als Token-URI für AuditPassport.sol.",übergreifend,Trust/Audit,Platform,automatisiert,"In: Metadaten-JSON (batch_id, coa_hash, audit_hash, shinrai_score); Out: IPFS CID / ipfs://... URI","supabase/functions/polygon-mint-passport/index.ts – Pinata pinning, IpfsHash Response",live,nein,BELEGT
OC-004,On-Chain Deployment & Migration (Hardhat),"Deployment-Pipeline für AuditPassport.sol auf Polygon/Amoy via Hardhat: prüft Gnosis-Safe-Owner-Anforderung für Mainnet, liefert Polygonscan-Verify-Command, enthält SQL-Migration für audit_passport_nfts-Tabelle.",übergreifend,Platform/Identity,DevOps/Admin,menschlich,In: INITIAL_OWNER + Network; Out: deployed Contract-Address + Verify-Script,"scripts/deploy.ts – Gnosis Safe Check, migrations/01_audit_passport_nfts.sql",live,nein,BELEGT
GM-001,36-Monats-Kooperationsvorschlag (Anchor-Buyer-Modell),"Erstellung und Lieferung eines vollständigen bilingualen Cooperation-Proposal-Pakets (EN + TH) inklusive gebrandeter PDFs, Word-Quelldateien und SHA256-Integritätsprüfung.",übergreifend,Documents,Anchor-Buyer / interner Vertrieb,menschlich,"Verhandlungsstand + Partnerkontext → gebrandetes EN/TH-Proposal-Paket (PDF, DOCX, ZIP, SHA256)",Thread 'CannaWorld / Salus Final Review Documents - 2026-05-28' 19e8090471daf928,live,nein,BELEGT
GM-002,Phase-0 Statement of Work (SOW),"Erstellung und Lieferung eines Phase-0-SOW-Dokuments (EN + TH, gebrandet + ungebrandet) als eigenständige Leistungsbeschreibung für die erste Vertragsphase.",übergreifend,Documents,Partner / Kunde,menschlich,Verhandlungsstand + Phasendefinition → Phase-0-SOW EN/TH (PDF + DOCX),Thread 'CannaWorld / Salus Final Review Documents - 2026-05-28' 19e8090471daf928,live,nein,BELEGT
GM-003,Bilateraler Dokumenten-Dispatch mit Integritätsprüfung,Gebündelter Versand aller Vertrags- und SOW-Dokumente als ZIP-Archiv mit SHA256-Prüfsummendatei als sicheres Standard-Lieferformat.,übergreifend,Documents,Partner / internes Team,menschlich,Dokumentensatz → ZIP + SHA256SUMS.txt,Thread 'CannaWorld / Salus Final Review Documents - 2026-05-28' 19e8090471daf928,live,nein,BELEGT
GM-004,AIHEF Speaker-Participation (Federation-Konferenz-Redner),Kevin Crane tritt als Sprecher auf der AIHEF (Asia International Hemp & Cannabis Expo/Forum) auf; Kontakt/Koordination via Sunpit Boonyasampan; unterzeichnetes Speaker-Reply-Form eingereicht.,AIHF,Federation/Partnership,AIHEF / Sunpit Boonyasampan,menschlich,Speaker-Anfrage → ausgefülltes AIHEF-Speaker-Reply-Form (unterzeichnet),"Thread 'Answers' 1997fa1527c09ad2 — Anhang 'AIHEF 2025 - Speaker Reply Form K. Crane.pages', to hemp.enquiries@gmail.com",live,ja: Kevin Crane als Sprecher auf AIHEF-Konferenz (Sunpit Boonyasampan); nicht Pumchai/Tanadee direkt,BELEGT
GM-005,Onboarding Requirements Package (Partner/Visa),Erstellung und Übermittlung eines Requirements-Package mit Visa/Onboarding-Dokumentation für einen Thailand-Partner/Mitarbeiter.,Gateway,Support/BackOffice,externer Kontakt/Mitarbeiter,menschlich,Partnerkontext + Visadetails → Onboarding Requirements Package (PDF),Thread 'Requirements package' 19bee0c77314d749,Konzept,nein,BELEGT
GM-006,Bangkok Hemp Expo — Messeauftritt / Video-Content,"Messeauftritt auf der Bangkok Hemp Expo, dokumentiert als YouTube-Video mit organischer B2B-Interaktion (Apotheker-Kommentar).",Gateway,Marketing/GTM,"B2B-Zielgruppe (Apotheker, Händler)",menschlich,Messebesuch → YouTube-Video + organische Reichweite,"Threads 197589f87373aaea, 1975a27863dcdc2b",live,nein,BELEGT
GM-007,Apothekergateway (cannaworld-germany.de) Betrieb,Betrieb des deutschen Apothekerportals mit Google-Search-Console-Monitoring; live im Markt.,Germany,Pharmacy,Apotheken (Deutschland),automatisiert,B2B-Registrierung/Produktanfrage → Apothekerportal-Zugang,"Threads 197a13c910759f42, 19798e347e3cbc7a",live,nein,BELEGT
GM-008,Google Ads Kampagne (reguliertes Cannabis/Pharma),Eigene Google-Ads-Kampagne inkl. Advertiser-Verifikation und Beschwerde-Freigabe für den DE/EU-Apothekenmarkt.,Germany,Marketing/GTM,Apotheken / B2B-Einkäufer (Deutschland),automatisiert,Budget + Zielgruppe → freigegebene Google-Ads-Anzeigen,"Threads 197acdcdd6b12731, 197601063828c96c",live,nein,BELEGT
GM-009,E-Commerce-Shop (Shopify/Printify/UPS),Parallel betriebener Shopify-Shop mit Printify-Print-on-Demand und UPS/easyHermes-Versand-Setup; Scope unklar (Consumer oder Merchandise).,Marketplace,Trade,unbekannt (Consumer oder B2B-Kanal),automatisiert,Produktkatalog → Shopify-Shop mit Print-on-Demand + Versand,"Threads 197a67aae3383101, 1975460a1c01a471",Konzept,nein,ANNAHME
GM-010,Bilinguales EN/TH Dokument-Branding-Paket,Bilinguales Authoring + gebrandetes PDF-Layout aller Kundendokumente (gebrandet + ungebrandet) als Standard-Lieferpipeline.,übergreifend,Documents,Partner in Thailand (TH-Markt),menschlich,Rohdokument → gebrandetes EN/TH PDF + DOCX (mehrere Varianten),Ableitung: systematisches Naming-Schema aller Salus-Anhänge (Thread 19e8090471daf928),live,nein,ANNAHME
GM-011,CannaWorld als Messe-Aussteller (Industry Presence),Aktive Messeteilnahme auf Hemp-Industry-Events (Bangkok Hemp Expo belegt) mit Netzwerkaufbau und Videodokumentation.,Gateway,Federation/Partnership,"Branchenkontakte (Apotheker, Händler, Behörden)",menschlich,"Messegebühr + Stand → Netzwerk, Videodoku, Leads",Ableitung aus YouTube 'Cannaworld@BangkokHempExpo' (197589f87373aaea),live,nein,ANNAHME
GM-012,Computerized System Validation (CSV) / GxP-Beratung,Aktives Interesse/Bedarf an CSV-/GxP-Compliance-Validierung (computergestützte Systeme) — möglicher Service oder Einkauf externer Expertise.,AICert,Quality/GxP,intern / Kunde,Durchlauf-extern,Plattform-/Kundendaten → CSV-Compliance-Bericht,Ableitung: Thread 197a98d31c29315c (qbdgroup CSV-Whitepaper). Schwache Evidenz.,Idee,nein,ANNAHME
HS-01,GACP-Konformitätsberatung Thailand,"GACP-Zertifizierungs-Consulting und Implementierung für Thai-Anbaubetriebe (Field Audit, Gap-Analyse, SOP-Erstellung).",Gateway,Quality/GxP,Thai Cannabis Cultivator,menschlich,Assessment → Action-Plan + GACP-Zertifizierungsweg,"COMPANY 'GACP Co., Ltd. (Thailand)' [SERVICE: THAI GACP CONSULTANCY]",im-Code,nein,BELEGT
HS-02,Cannabis-Laboranalyse & COA-Ausstellung Thailand,"ISO/IEC-17025-akkreditierte Vollanalytik (Potenz, Terpene, Mikrobio, Pestizide, Schwermetalle) + COA für EU-Export via akkreditierte TH-Labore.",Gateway,Quality/GxP,Thai Cultivator / Exporter,Durchlauf-extern,Probe → akkreditierter COA,"COMPANY 'SGS/Eurofins/Intertek (Thailand)', DMSc, Mahidol, Chula [SERVICE: THAI COA LAB]",live,nein,BELEGT
HS-03,Gamma-/E-Beam-/X-Ray-Dekontamination (EU-GMP),Mikrobielle Dekontamination an EU-akkreditierten Bestrahlungsanlagen als Voraussetzung EU-GMP-konformer Importe.,Europe,Quality/GxP,Cannabis Exporter (TH/IL/AU),Durchlauf-extern,Charge → Bestrahlungszertifikat + dekontaminierte Ware,"COMPANY 'BGS Beta-Gamma-Service', Ionisos, STERIS AST, Sterigenics [SERVICE: IRRADIATION]",live,nein,BELEGT
HS-04,GDP-Cold-Chain-Logistik TH→EU,GDP-zertifizierter temperaturkontrollierter Pharma-Transport Thailand→Europa via spezialisierte Carrier.,Gateway,Logistics,Cannabis Exporter / Plattformkunde,Durchlauf-extern,Charge → temperaturdokumentierter Frachtbrief + GDP-Begleitdok,"COMPANY 'DHL LifeSciences, Kuehne+Nagel PharmaChain, DSV, CEVA, Marken, World Courier, Zuellig, DKSH' [SERVICE: GDP COLD-CHAIN]",live,nein,BELEGT
HS-05,Aktive Temp-Container-Leihe (Air-Cargo),Leasing aktiver/passiver Thermocontainer für temperaturkritische Cannabis-Luftfracht.,übergreifend,Logistics,Exporter / Freight Forwarder,Durchlauf-extern,Buchung → geleaster Container + Monitoring-Daten,"COMPANY 'Envirotainer, va-Q-tec, CSafe' [SERVICE: COLD-CHAIN CONTAINERS]",live,nein,BELEGT
HS-06,Post-Harvest-Equipment (Trim/Dry/Cure),"Beschaffung/Vermittlung von Trimming-, Drying-, Curing- und Freeze-Dry-Anlagen für GMP-Post-Harvest.",Gateway,Cultivation,Thai/EU Cultivator-Processor,Durchlauf-extern,Bedarf → GMP-Post-Harvest-Equipment,"COMPANY 'Keirton, Eteros/Mobius, GreenBroz, Triminator, CannaTrol, Cryo Cure' [SERVICE: POST-HARVEST EQUIP]",live,nein,BELEGT
HS-07,Cannabis-ISO-Laboranalyse EU,EU-seitige Qualitätsprüfung/Zertifizierung von Cannabis-Chargen durch globale Testlabore.,Europe,Quality/GxP,EU Importer / Wholesaler / Pharmacy,Durchlauf-extern,Charge → EU-seitiger akkreditierter COA,"COMPANY 'Eurofins Scientific, SGS SA, Intertek, Steep Hill' [SERVICE: LAB TESTING]",live,nein,BELEGT
HS-08,Pharma-CMO/CDMO Cannabis,"Contract Manufacturing cannabinoidhaltiger Arzneiformen (Softgels, orale Feststoffe, Extrakte) via EU-lizenzierte CDMOs.",Europe,Quality/GxP,Pharma-Unternehmen / Cannabis-Brand,Durchlauf-extern,Wirkstoff → Fertigarzneimittel für EU-Markt,"COMPANY 'Catalent, Lonza, Vetter, Aenova, Pure Production' [SERVICE: CMO/CDMO]",live,nein,BELEGT
HS-09,Pharma-Verpackungslösungen Cannabis,"GMP-konforme Primär-/Sekundärverpackung inkl. Serialisierung (Blister, Kartonierer, Thermoform).",Europe,Quality/GxP,Cannabis CMO / Pharma-Unternehmen,Durchlauf-extern,"Bulk → verpackte, serialisierte Charge","COMPANY 'IMA, Romaco, Marchesini, Multivac, Syntegon, Uhlmann' [SERVICE: PHARMA PACKAGING]",live,nein,BELEGT
HS-10,Cannabis-Marktintelligenz & Regulierungsberatung EU,"Europäische Cannabis-Marktanalysen, Reports und regulatorische Beratung für Markteintritt.",Europe,Advisory,Cannabis-Unternehmen / Investor,menschlich,Fragestellung → Market-Intelligence-Report / Beratungsmandat,COMPANY 'Prohibition Partners' [TIER 1 MARKET INTEL],live,nein,BELEGT
HS-11,Klinische Studien & CRO-Services Cannabis,Klinische Prüfungen für Cannabinoid-Arzneimittel nach EMA/FDA via globale CROs.,Europe,Regulatory,Pharma / Cannabis API Manufacturer,Durchlauf-extern,Studienbedarf → Clinical Trial Report / Regulatory Submission,"COMPANY 'IQVIA, Parexel' [TIER 1 CRO]",Konzept,nein,BELEGT
HS-12,Cannabis-Versicherung,"Spezialversicherung für Cannabis-Operatoren (Produkthaftpflicht, D&O, Ernteschutz, Property).",übergreifend,Advisory,Cannabis-Operator (TH/EU),menschlich,Risikoprofil → Versicherungspolice,"COMPANY 'Hub International, Cannasure' [INSURANCE]",Konzept,nein,BELEGT
HS-13,Cannabis-konformes Banking,Bankkonten/Kreditlinien für Cannabis-Unternehmen via cannabis-bereite Institute.,übergreifend,Billing,Cannabis-Operator,Durchlauf-extern,Antrag → Bankkonto / Kreditfazilität,"COMPANY 'Hypothekarbank Lenzburg, Safe Harbor Financial' [BANKING]",Konzept,nein,BELEGT
HS-14,Cannabis-freundliche Zahlungsabwicklung,ACH-/alternative digitale Zahlungsverarbeitung ohne klassische Kartennetze.,übergreifend,Billing,Cannabis-Händler / Plattform,automatisiert,Transaktion → Settlement,COMPANY 'Aeropay' [CANNABIS PAYMENTS],Konzept,nein,BELEGT
HS-15,EU-GMP-Import Thai-Cannabis → DE-Apotheke,"Beschaffung, Import-Compliance und Großhandels-Distribution von Thai-Cannabis nach §13 AMG/BtMG an deutsche Apotheken/Großhändler.",Germany,Pharmacy,Deutsche Apotheke / Großhändler,menschlich,Charge → abgabefertige Ware + BtM-Dokumentation,"COMPANY 'Grünhorn [ANCHOR/SALUS], Cansativa, Cannamedical, Vayamed, Cantourage, Demecan'",live,nein,BELEGT
HS-16,Telemedizin & Cannabis-Rezeptierung DE,"Digitale Arztplattformen für Cannabis-Verschreibung, AU-Schein und Patientenbetreuung.",Germany,Pharmacy,Deutscher Cannabis-Patient,AI-gestützt,Patientenanfrage → Cannabis-Rezept / Patientenakte,"COMPANY 'Algea Care, Dr. Ansay, Cannabidio, Kanna Med, CanDoctor, Enua'",live,nein,BELEGT
HS-17,Online-Apotheken-Versand Cannabis DE,Online-Rezeptbelieferung medizinischen Cannabis an deutsche Patienten (Mail-Order; 2026-Flos-Ban beachten).,Germany,Pharmacy,Deutscher Patient / Apotheke,Durchlauf-extern,Rezept → dispensiertes Cannabis per Post,"COMPANY 'Redcare/Shop-Apotheke, DocMorris, Aliva'",live,nein,BELEGT
HS-18,Stationäres Cannabis-Apotheken-Netzwerk DE,Stationäres Apotheken-Netzwerk für hochvolumige Cannabis-flos-Dispensierung.,Germany,Pharmacy,Deutscher Patient,menschlich,Rezept → dispensiertes Arzneimittel + Beratung,"COMPANY 'Bahnhof-Apotheke FFM, Apotheke am Steinweg, Krautmüller, Magnolien, Adler, Mauer'",live,nein,BELEGT
HS-19,Thai Staatspharmaka-Produktion (GPO),Staatliche Cannabis-Öl-Produktion (THC+CBD) via Government Pharmaceutical Organization Thailand.,Gateway,Cultivation,Thai Krankenhaus / Exporteur,Durchlauf-extern,Rohstoff → pharmazeutische Cannabis-Formulierung,COMPANY 'GPO Thailand' [SERVICE: THAI STATE PHARMA],live,nein,BELEGT
HS-20,Thai Cultivator-Exporter-Integration,Integration GACP-zertifizierter Thai-Produzenten als Lieferanten in die CannaWorld-Export-Supply-Chain.,Gateway,Sourcing,EU Importer / Marketplace,menschlich,Lieferant → Liefervertrag + GACP-Auditdossier,"COMPANY 'Eastern Spectrum, Green House Thailand, Idol Farm' [THAI CULTIVATOR-EXPORTER]",im-Code,nein,BELEGT
HS-21,Thai R&D-Partnerschaft (NSTDA/CP-Group),Technologietransfer und Biotech-R&D für Cannabis via staatliche Forschungsagenturen und Agribusiness-Konzerne.,Gateway,Education,Thai Regulator / Investor,menschlich,Forschungsbedarf → R&D-Bericht / JV-Struktur,"COMPANY 'NSTDA/BIOTEC, CP Group'",Konzept,nein,BELEGT
HS-22,EU-Markt-Zugang-Beratung für Thai-Exporter,"Strategische Beratung zu EU-GMP-Anforderungen, Importgenehmigungen und Partner-Matching in EU-Märkten.",Europe,Advisory,Thai Cannabis Exporter,menschlich,Exporteur-Profil → Markteintrittsstrategie + Partner-Map,Ableitung aus 213 COMPANY-Datensätzen DE/PL/UK/CH/IL/AU (Marktverzeichnis aufgebaut 2026-05-25),im-Code,nein,ANNAHME
HS-23,Thai Verbands-/Regulierungsnetzwerk (THTA),"Anbindung an Thai Industrial Hemp Trade Association für regulatorische Vertretung, Exportlobby und Marktintelligenz.",Gateway,Federation/Partnership,Thai Cannabis Operator,menschlich,Mitgliedschaft → Advocacy / Marktintelligenz,COMPANY 'Thai Industrial Hemp Trade Association (THTA)' [TIER 1 INDUSTRY ASSOCIATION TH],Konzept,"ja: thailändischer Hanf-Verband, funktional verwandt mit AIHF-Federation-Ebene (nicht identisch)",BELEGT
HS-24,EU Cannabis-Verbands-/Lobby-Anbindung,"Zugang zu EU-Cannabis-Industrieverbänden (EUMCA, EIHA, BvCW, CIC UK) für Regulatory Advocacy und Marktintelligenz.",Europe,Federation/Partnership,EU Cannabis-Unternehmen / Partner,menschlich,Mitgliedschaft → Advocacy-Briefing,"COMPANY 'EUMCA, EIHA, BvCW, CIC UK' [INDUSTRY ASSOCIATION]",Konzept,nein,BELEGT
HS-25,Cannabis-Gammabestrahlung Thailand (TINT),Inländische Thai-Gamma-Bestrahlung für Cannabis-Dekontamination via Thailand Institute of Nuclear Technology vor EU-Export.,Gateway,Quality/GxP,Thai Cannabis Exporter,Durchlauf-extern,Charge → bestrahltes Produkt + TINT-Zertifikat,COMPANY 'Thailand Institute of Nuclear Technology (TINT)' [IRRADIATION TIER 1 TH],im-Code,nein,BELEGT
CA-01,Farm-Sourcing via Facebook-Lead,"Erstgespräch + Qualifizierung potenzieller Farm-Partner aus Facebook-Leads, Weiterleitung in den Audit-Prozess.",Marketplace,Sourcing,Farm,menschlich,Lead-Kontakt → qualifizierter Farm-Kandidat,"Termine 'Farm Meeting Facebook lead' 2026-04-20, 'Farm Facebook' 2026-04-23, 'Quant Tran fb Farm' 2026-05-01 (+4)",live,nein,BELEGT
CA-02,Vor-Ort-Partner-Audit / Farm-Visitation,"Physische Begehung/Inspektion von Farm-Partnern (Green Chrono, Innoleaf): Anbaubedingungen, GMP-Readiness, Qualität.",AICert,Trust/Audit,Farm,menschlich,Farm-Termin → Audit-Befund / Partnerfreigabe,"Termine 'Green Chrono Farm' 2026-04-23, 'Green Chrono Farm visitation' 2026-05-04, 'innoleaf' 2026-04-23",live,nein,BELEGT
CA-03,GMP-Check / GMP-Readiness-Bewertung,Strukturierte Überprüfung von GMP-Anforderungen bei Farm-/Facility-Kunden inkl. Gap-Analyse und Erstbewertung.,AICert,Quality/GxP,Farm,menschlich,Facility-Status → GMP-Gap-Report,"Termine 'GMP Check' 2025-11-11, 'Danny GMP' 2025-11-20, 'Gap fixing' 2025-12-05 (+2)",live,nein,BELEGT
CA-04,Remote-Evaluierung (Digital Meeting/Evaluation),Digitales Erstgespräch zur Bewertung von Partnern/Kandidaten inkl. Feasibility und Go/No-go.,übergreifend,Advisory,Partner,menschlich,Profil → Evaluierungsergebnis / Go/No-go,"Termine 'Digital meeting - Evaluation' 2026-06-03, 'Remexian Evaluation' 2026-06-05 (+3)",live,nein,BELEGT
CA-05,Vertrags-/Onboarding-Gespräch (Work Agreement),Persönliches/digitales Gespräch zur Klärung und Finalisierung von Arbeits-/Kooperations-/Dienstleistungsverträgen.,übergreifend,Documents,Mitarbeiter,menschlich,Verhandlungsstand → unterzeichnetes Agreement,"Termine 'Contract / work agreement in person' 2026-04-30, 'Hiring agreement details clarification' 2025-12-25 (+2)",live,nein,BELEGT
CA-06,Recruiting-Interview (Digital & In-Person),Strukturiertes Interview-Verfahren für neue Mitarbeitende/Consultants inkl. Dokumenten-/Visaprüfung.,übergreifend,Support/BackOffice,Mitarbeiter,menschlich,CV/Profil → Einstellungsentscheidung,"Termine 'VR Interview' 2025-11-19, 'Joep Interview spectrum' 2025-12-06 (+2)",live,nein,BELEGT
CA-07,Rechtsberatung & Unternehmens-Compliance (Juslaws),"Wiederkehrende Meetings mit Kanzlei Juslaws & Consult zu Unternehmensstruktur, Visa, Rechnungen, Dokumenten.",übergreifend,Regulatory,intern,menschlich,Rechtsfrage → Beratungsergebnis / Dokument,7 Juslaws-Termine 2025-11 bis 2026-05 (z.B. 'In-person meeting Juslaws / Cannaworld' 2025-12-09),live,nein,BELEGT
CA-08,Thailand-GMP-Zertifizierungs-Consulting (Drittmarkt),Beratung internationaler Cannabis-Unternehmen zur Thailand-GMP-Zertifizierung; CannaWorld positioniert als GMP-Dienstleister in Bangkok.,AICert,Quality/GxP,Partner,menschlich,Interesse → Scope-of-Work-Vereinbarung,Termin 'Terp Selection Thailand GMP Certification' 2025-11-26 (LTD Labs Australia),im-Code,nein,BELEGT
CA-09,Messe- & Branchen-Repräsentanz,Teilnahme an Cannabis/Hemp-Messen als Aussteller/Speaker/Netzwerkpartner; generiert Farm-Leads und Behördenkontakte.,übergreifend,Marketing/GTM,Partner,menschlich,Messekontakt → Lead / Partnership-Gespräch,"Termine 'Asia Hemp Expo' 2025-11-05 (My session), 'Expopharm' 2025-10-10, 'Mr. Boonyasampan' QSNCC 2026-04-10",live,nein,BELEGT
CA-10,Facility-Kunden-Erstgespräch,Erstkontakt mit potenziellen Facility-Kunden (Dispensaries/Growrooms) zur Qualifizierung als Marketplace-/AICert-Kandidat.,Marketplace,Facility,Partner,menschlich,Facility-Kontakt → Kundenakte,"Termine 'Facility customer F 05' 2025-11-05, 'T.B. Farm Cannabis' 2026-06-09",live,nein,BELEGT
CA-11,Business-Development-Kooperation,"Laufende strategische Partnerschaftsgespräche zu Kooperationsmodell, Marktentwicklung und gegenseitiger Leistungserbringung.",übergreifend,Federation/Partnership,Partner,menschlich,Kooperationsidee → Term Sheet / Koop-Vereinbarung,"Termine 'Sourab Koop' 2025-11-24, 'Talk about Sourab´s Plan' 2025-11-13 (+2)",im-Code,nein,BELEGT
CA-12,Qualifikationsmatrix & Staff-Onboarding,"Strukturierter Onboarding-Zyklus neuer Mitarbeitender (Qualifikationsmatrix, DTV-Klärung, Agreement, Follow-ups).",übergreifend,Support/BackOffice,Mitarbeiter,menschlich,Kandidatenprofil → ongeboardeter Mitarbeiter,Termine 'Digital Meeting qualification matrix' 2025-12-16/2026-02-16/2026-03-05 (+4),live,nein,BELEGT
CA-13,Buyer/Deal-Gespräch (COO-Level),Gespräche mit potenziellen Bulk-Käufern/Distributoren auf Entscheider-Ebene inkl. Farm-Besichtigung im Buyer-Kontext.,Marketplace,Trade,Buyer,menschlich,Buyer-Interesse → Deal-Struktur / LOI,"Termine 'Salus' 2026-05-05 (Chiang Rai), 'COO Salus' 2026-05-21",live,nein,BELEGT
CA-14,Behörden-/Regelwerk-Meeting,"Termine mit Behördenvertretern/regulierten Counterparties im institutionellen Kontext (Lizenz, Import, Zulassung).",Gateway,Regulatory,Behörde,menschlich,Behördenanfrage → Compliance-Status / Genehmigung,Termin 'Mr. Boonyasampan' Queen Sirikit National Convention Center 2026-04-10,Konzept,nein,BELEGT
CA-15,PR & Medienpartnerschaft,Abstimmung mit Cannabis-Fachmedien (Fat Nugs Magazine) für PR und Reichweitenaufbau in Thailand.,übergreifend,Marketing/GTM,Partner,menschlich,Medienkontakt → Veröffentlichung / Interview,Termin 'Cannaworld Thailand x Fat Nugs Magazine' 2026-06-10,Konzept,nein,BELEGT
CA-16,Kalkulation & Finanzplanung (Partner-Koop),"Digitale Arbeitssitzungen zu Geschäftsmodell-Kalkulation, 5-Jahres-Planung und Kooperationsfinanzierung.",übergreifend,Billing,Partner,menschlich,Geschäftsidee → Finanzmodell,"Termine 'Ron Ltd edition labs 5 year calculations' 2025-12-13, 'Noi Kalkulation' 2025-12-12",im-Code,nein,BELEGT
CA-17,Coaching & Management-Beratung,Regelmäßige Coaching-Sitzungen (Business Coaching für die Cannaworld-Führungsebene).,übergreifend,Advisory,intern,menschlich,Management-Challenge → Handlungsempfehlung,"Termine 'Coaching Hr Obeidi' 2025-10-17, 'Coaching' 2026-01-13/2026-01-26 (+2)",im-Code,nein,BELEGT
CA-18,China-Lieferanten-Sourcing,Digitale Meetings mit chinesischen Lieferanten/Fabriken zum Aufbau einer Equipment-/Rohstoff-Supply-Chain.,Marketplace,Trade,Partner,menschlich,Lieferantenanfrage → Angebot / Rahmenvertrag,"Termine 'digital Meeting chinesische Fabrik' 2026-04-28, 'Gangster Großhandel' 2026-05-10",Idee,nein,BELEGT
CA-19,Marketing-Strategie & Content-Partner,"Gespräche zu Marketing-Umsetzung, Website-Aufbau und Content-Strategie mit externen Dienstleistern.",übergreifend,Marketing/GTM,Partner,menschlich,Marketingbedarf → Kampagne / Website,"Termine 'Antony website' 2025-12-04, 'Dydy Office Marketing' 2026-04-29 (+2)",im-Code,nein,BELEGT
CA-20,AIHF-Partnerschaftsgespräch,"Abstimmungsgespräche mit AIHF (Asia International Hemp Federation, Pumchai/Tanadee) zu Kooperationsrahmen und Federated-Membership. HINWEIS: kein expliziter AIHF-Termin im Kalender — Kontakt läuft off-channel.",AIHF,Federation/Partnership,Partner,menschlich,Partnerschaftsinteresse → MOU / Kooperationsrahmen,Ableitung: AIHF als zeremoniell bestätigter Partner (aihf-partner.md); kein dedizierter AIHF-Termin im Kalender 2025-10 bis 2026-06,Konzept,ja: zentrale Partnerschaftsanbahnung mit der Föderation,ANNAHME
CA-21,Dev-/Technologie-Partner-Koordination,Wiederkehrende digitale Meetings mit Entwicklungspartnern zur Plattformentwicklung und Systemkoordination.,übergreifend,Data/AI,Partner,menschlich,Tech-Anforderung → Entwicklungsplan,"Termine 'Dev +Kc meeting' 2026-02-16, 'Digital meeting' (Devendra) 2026-02-12",im-Code,nein,BELEGT
CUST-01,Customer Onboarding-Status-Abfrage,"Liefert einer Kundenorganisation den sicheren Onboarding-Status (Account-Review, Rollenzuweisung, Org-Scope, Daten-Sharing-Grenzen).",übergreifend,Platform/Identity,Kunde/Farm/Exporteur,automatisiert,Org-Name → Onboarding-Status + nächste Schritte,MCP cannaworld-customer: get_onboarding_status (Pilot live),live,nein,BELEGT
CUST-02,Facility-Readiness-Abfrage,Gibt einen sicheren Readiness-Status der Anlage eines Kunden (GACP/GMP-Reife) zurück.,AICert,Quality/GxP,Farm/Facility,automatisiert,Org-Name → Facility-Readiness-Snapshot,MCP cannaworld-customer: get_facility_readiness (Pilot live),live,nein,BELEGT
CUST-03,Audit-Gap-Zusammenfassung,Liefert eine kundensichere Zusammenfassung offener Audit-Lücken/Findings.,AICert,Trust/Audit,Auditor/Facility,AI-gestützt,Org/Audit-Kontext → Gap-Summary,MCP cannaworld-customer: get_audit_gap_summary (Pilot live),live,nein,BELEGT
CUST-04,Compliance-Dokument-Abruf,Ruft ein freigegebenes Compliance-Dokument für eine Kundenorganisation ab.,übergreifend,Documents,Kunde/Auditor,automatisiert,Doc-Referenz → Dokument-Inhalt/Metadaten,MCP cannaworld-customer: fetch_compliance_doc (Pilot live),live,nein,BELEGT
CUST-05,Compliance-Dokument-Suche,Durchsucht den Compliance-Korpus eines Kunden nach relevanten Dokumenten.,übergreifend,Documents,Kunde/Auditor,AI-gestützt,Suchanfrage → Trefferliste Compliance-Dokumente,MCP cannaworld-customer: search_compliance_docs (Pilot live),live,nein,BELEGT
CUST-06,Batch-Snapshot-Abruf,Liefert einen sicheren Snapshot des Status/der Daten einer Charge.,Gateway,Quality/GxP,Exporteur/Importeur,automatisiert,Batch-Referenz → Batch-Snapshot,MCP cannaworld-customer: get_batch_snapshot (Pilot live),live,nein,BELEGT
CUST-07,Connector-Profil-Abruf,Gibt das Integrations-/Connector-Profil einer Kundenorganisation zurück (welche Systeme angebunden sind).,übergreifend,Data/AI,Kunde/intern,automatisiert,Org-Name → Connector-/Integrations-Profil,MCP cannaworld-customer: get_connector_profile (Pilot live),live,nein,BELEGT
AIHF-01,AIHF-Beglaubigung / zeremonielle Anerkennung von CannaWorld,Öffentlich-zeremonielle Bestätigung der CannaWorld-AIHF-Kooperation durch AIHF-Präsident Pumchai und Tanadee als Vertrauens-/Legitimationsanker.,AIHF,Federation/Partnership,CannaWorld / Markt-Öffentlichkeit,menschlich,Partnerschaft → zeremonielle Anerkennung/Endorsement,"docs/notes/cannaworld-context.md; aihf-partner.md (bestätigt 2026-06-06, Pumchai+Tanadee)",live,ja: Kernakt der Föderation-Anerkennung,BELEGT
AIHF-02,AIHF Federation-Membership-Vermittlung,Aufnahme von CannaWorld-Partnern (Farmen/Produzenten/Exporteure) in die AIHF-Föderation als Marktzugangs-/Vertrauensschicht.,AIHF,Federation/Partnership,Farm/Produzent/Exporteur,menschlich,Mitgliedsantrag → AIHF-Federation-Membership,Ableitung aus AIHF-Integration (cannaworld-context.md); Service-Oberfläche noch Discovery,Konzept,ja: Mitgliedschafts-/Marktzugangsweg über die Föderation,ANNAHME
AIHF-03,CannaWorld×AIHF Co-Zertifizierung / gemeinsamer Standard,"Gemeinsam getragenes Zertifizierungs-/Standardschema, das CannaWorld-Readiness mit AIHF-Federation-Anerkennung verbindet.",AIHF,Trust/Audit,Farm/Produzent/Auditor,menschlich,CannaWorld-Dossier → AIHF-anerkanntes Co-Zertifikat,Ableitung aus AIHF-Integration; gemeinsame Standards als Service-Quelle (cannaworld-context.md),Konzept,ja: gemeinsames Standard-/Zertifizierungsschema,ANNAHME
AIHF-04,AIHF-Governance & Standards-Harmonisierung,Mitgestaltung/Übernahme gemeinsamer Hanf-Standards und Governance-Regeln auf Föderationsebene (Asien-weit).,AIHF,Regulatory,Föderationsmitglieder/Regulatoren,menschlich,Standard-Entwurf → harmonisierter Föderations-Standard,Ableitung aus AIHF-Integration (Governance/gemeinsame Standards),Konzept,ja: Governance-/Standard-Harmonisierung,ANNAHME
AIHF-05,AIHF-endorsed Trust-Mark / Siegel,AIHF-gestütztes Vertrauenssiegel auf CannaWorld-Audit-Pässen/Zertifikaten als Föderations-Endorsement-Layer.,AIHF,Trust/Audit,Buyer/Importeur/Apotheke,AI-gestützt,CannaWorld-Audit-Pass → AIHF-endorsed Trust-Mark,Ableitung aus AIHF-Integration (zeremonielle Anerkennung → Trust-Layer),Idee,ja: Föderations-Siegel auf Audit-Artefakten,ANNAHME
AIHF-06,AIHEF Konferenz- & Speaker-Plattform,Teilnahme/Auftritt von CannaWorld auf der AIHEF (Asia International Hemp & Cannabis Expo/Forum) als Speaker/Aussteller — Reichweite und Föderationssichtbarkeit.,AIHF,Federation/Partnership,Branche/Föderationsnetzwerk,menschlich,Speaker-/Ausstellerrolle → Konferenzpräsenz + Netzwerk,"Gmail Thread 'Answers' 1997fa1527c09ad2 (AIHEF 2025 Speaker Reply Form, Sunpit Boonyasampan)",live,ja: Föderations-/Expo-Plattform AIHEF,BELEGT
AIHF-07,AIHF Marktzugang Asien (Cross-Border-Netzwerk),Nutzung des AIHF-Föderationsnetzwerks für CannaWorld-Marktzugang in weiteren asiatischen Märkten.,AIHF,Trade,Exporteur/Buyer,menschlich,Marktzugangsbedarf → Föderations-vermittelter Asien-Marktzugang,Ableitung aus AIHF-Integration (Federation-Membership/Marktzugang),Idee,ja: asiatischer Cross-Border-Marktzugang via Föderation,ANNAHME
AIHF-08,AIHF Federation-Registry / Mitglieder-Directory,Listung qualifizierter CannaWorld-Partner im offiziellen AIHF-Mitgliederverzeichnis als Sichtbarkeits-/Vertrauensdienst.,AIHF,Federation/Partnership,Föderationsmitglieder/Buyer,automatisiert,Qualifizierter Partner → Eintrag im AIHF-Registry,Ableitung aus AIHF-Integration (Federation-Membership),Idee,ja: Föderations-Mitgliederverzeichnis,ANNAHME
AIHF-09,AIHF Regulatory-Advocacy / Lobby-Vertretung,Interessenvertretung von CannaWorld-Partnern über die AIHF-Föderation gegenüber asiatischen Regulatoren.,AIHF,Regulatory,Föderationsmitglieder/Regulatoren,menschlich,Regulatorisches Anliegen → Föderations-Advocacy,Ableitung aus AIHF-Integration (Governance/Federation),Konzept,ja: Föderations-Lobbying,ANNAHME
AIHF-10,AIHF×CannaWorld Joint-Education / Curriculum,Gemeinsames Schulungs-/Zertifizierungs-Curriculum (Anbau/GACP/GMP/Compliance) unter Föderations-Label.,AIHF,Education,Farmer/Auditor/Mitarbeiter,menschlich,Lernbedarf → föderationsanerkanntes Curriculum/Zertifikat,Ableitung aus AIHF-Integration (gemeinsame Standards/Education),Idee,ja: föderationsgetragene Ausbildung,ANNAHME
AIHF-11,AIHF Cross-Recognition von CannaWorld-Readiness,Anerkennung der CannaWorld-GACP/GMP-Readiness-Dossiers durch die AIHF-Föderation (gegenseitige Anerkennung).,AIHF,Trust/Audit,Farm/Produzent,menschlich,CannaWorld-Readiness-Dossier → AIHF-Anerkennung,Ableitung aus AIHF-Integration (gemeinsame Standards),Konzept,ja: gegenseitige Dossier-Anerkennung,ANNAHME
AIHF-12,AIHF-Mitglieder-Onboarding in CannaWorld-Plattform,Aufnahme bestehender AIHF-Föderationsmitglieder als Nutzer/Kunden in die CannaWorld-Plattform (umgekehrter Funnel).,AIHF,Platform/Identity,AIHF-Mitglied/Farm,automatisiert,AIHF-Mitglied → CannaWorld-Plattform-Onboarding,Ableitung aus AIHF-Integration (Mitglieder als Service-Quelle),Idee,ja: Föderationsmitglieder als Plattformnutzer,ANNAHME
AIHF-13,AIHF Co-Branded Marketplace-Zugang,Föderations-co-gebrandeter Zugang zum CannaWorld-Marketplace für AIHF-Mitglieder (Trade-/Buyer-Matching unter Föderationslabel).,AIHF,Trade,AIHF-Mitglied/Buyer,automatisiert,AIHF-Mitgliedschaft → co-gebrandeter Marketplace-Zugang,Ableitung aus AIHF-Integration (Marktzugang + Marketplace),Idee,ja: co-gebrandeter Marktzugang,ANNAHME
AIHF-14,AIHF Ceremonial-Endorsement-Issuance (Partner),Ausstellung zeremonieller Föderations-Anerkennungen durch Pumchai/Tanadee für weitere CannaWorld-Partner (skalierter Anerkennungs-Service).,AIHF,Federation/Partnership,Partner/Farm/Produzent,menschlich,Qualifizierter Partner → zeremonielle AIHF-Anerkennung,Ableitung aus AIHF-Integration (Beglaubigung als wiederholbarer Service),Konzept,ja: skalierte zeremonielle Anerkennung,ANNAHME
ST-01,Hub-&-Spoke-Architektur-Orchestrierung,Trennung der skalierbaren GACP-Farm-Schicht (Spokes) von der zentralen EU-GMP-Verarbeitungs-/Freigabe-Schicht (Hub) als Betriebsmodell.,übergreifend,Advisory,Farm/Hub-Betreiber/Importeur,menschlich,Farm-/Hub-Landschaft → orchestrierte Hub-&-Spoke-Lieferkette,docs/strategie/wege-a-b-d-f-vertiefung.md (Weg A); thailand-gatekeeper-konzept.md,Konzept,nein,BELEGT
ST-02,Kooperativ-/Cluster-Zertifizierung (ICS-Gruppenmodell),Bündelung von Smallholder-Farmen zu Kooperativen mit internem Kontrollsystem (ICS) für Gruppen-GACP-Zertifizierung unter einem Dach-Zertifikat.,Gateway,Quality/GxP,Farm-Kooperative,menschlich,Smallholder-Gruppe + ICS → Dach-Gruppenzertifikat,docs/strategie/wege-a-b-d-f-vertiefung.md (Weg B); quellen-validierung.md §2 (Gruppen-GACP = Annahme),Konzept,nein,BELEGT
ST-03,Tiered Digital Onboarding-Funnel (Tier 0–3),"Plattform-gesteuerter Qualifizierungs-Funnel: Self-Assessment → Remote-Pre-Audit → physisches Audit → Hub-Anbindung, mit server-enforced Tier-Übergängen.",Gateway,Platform/Identity,Farm/Produzent,automatisiert,Registrierung → Tier-0/1/2/3-Qualifizierung,docs/strategie/wege-a-b-d-f-vertiefung.md (Weg D); onboarding-datenmodell.md; thailand-farm-tier-transition,im-Code,nein,BELEGT
ST-04,Master-Lizenz / Vertragsanbau-Umbrella,Master-Operator nimmt Farmen als vertraglich gebundene Anbaustandorte unter sein GACP/GMP-QMS (Contract Cultivation) auf.,übergreifend,Quality/GxP,Farm/Master-Operator,menschlich,Vertragsfarm → Standort unter Master-QMS/Lizenz,docs/strategie/wege-a-b-d-f-vertiefung.md (Weg F),Konzept,nein,BELEGT
ST-05,Compliance-Dossier-Management (Gatekeeper-Kern),"Sammeln, Prüfen und Versionieren aller Farm-/Charge-Dokumente (GACP-Zertifikat, CoA, Pestizid-/Schwermetall-/Mikrobiologie-Reports, Export-Permits).",übergreifend,Documents,Farm/Exporteur/Importeur,AI-gestützt,"Roh-Dokumente → geprüftes, versioniertes Compliance-Dossier",docs/strategie/thailand-gatekeeper-konzept.md §3.2,im-Code,nein,BELEGT
ST-06,Nachfrage-Aggregation (EU-Buyer-Bündelung),"Bündelung der EU-Nachfrage (Apotheken, Großhändler, Importeure) als Gegenseite für qualifizierte Thai-Supply.",Europe,Trade,EU-Buyer/Importeur,menschlich,Fragmentierte EU-Nachfrage → aggregierter Buyer-Pool,docs/strategie/thailand-gatekeeper-konzept.md §3.1,im-Code,nein,BELEGT
ST-07,Qualifizierungs-Schleuse / Pre-Audit & Tier-Einstufung,Standardisiertes Onboarding mit Remote-Pre-Audit (Doku/Fotos/Video) und Tier-Einstufung als Gate vor teuren physischen Audits.,Gateway,Trust/Audit,Farm/Produzent,AI-gestützt,Self-Assessment + Evidenz → Pre-Audit-Verdikt + Tier,docs/strategie/thailand-gatekeeper-konzept.md §3.3; wege-a-b-d-f (Weg D),im-Code,nein,BELEGT
ST-08,Vertrauens-Broker (Akkreditierungs-Kopplung),"Ankopplung formaler Akkreditierung (OneCert/SGS/Control Union/TÜV/QP) an die Plattform, solange CannaWorld noch nicht selbst akkreditiert ist.",übergreifend,Trust/Audit,Farm/Buyer,menschlich,Plattform-Readiness → partnergetragene formale Akkreditierung,"docs/strategie/thailand-gatekeeper-konzept.md §3.4, §4",Konzept,nein,BELEGT
ST-09,GACP-Partner-Orchestrierung (OneCert-Layer),"Vermittlung und Steuerung von Farm-Level-GACP/Bio-Audits über einen Agrar-Zertifizierer (OneCert), inkl. Gruppen-Zertifizierung.",Gateway,Quality/GxP,Farm/Kooperative,Durchlauf-extern,Farm-Dossier → GACP/Bio-Audit + Zertifikat (Partner),docs/strategie/thailand-gatekeeper-konzept.md §4.1,Konzept,nein,BELEGT
ST-10,GMP-Audit-Orchestrierung (TÜV/SGS/Control-Union-Layer),Steuerung von GMP-Gap-Assessments und Werks-Qualifizierung des Hubs über cannabis-spezifische Zertifizierer.,AICert,Quality/GxP,Hub-/Verarbeitungswerk,Durchlauf-extern,Hub-Status → GMP-Gap-Assessment + Qualifizierungsweg,docs/strategie/thailand-gatekeeper-konzept.md §4.2,Konzept,nein,BELEGT
ST-11,EU-GMP-Importeur/QP-Piggyback (Marktzugang),"Nutzung eines bestehenden deutschen MIA-/QP-Inhabers für die EU-Chargenfreigabe, während eigene Einfuhrerlaubnis aufgebaut wird.",Europe,Regulatory,Exporteur/Importeur,Durchlauf-extern,Supply + Dossier → EU-Chargenfreigabe via Partner-QP,docs/strategie/thailand-gatekeeper-konzept.md §4.3 (Weg C),Konzept,nein,BELEGT
ST-12,Export-Permit-Handling Thailand,Begleitung der geschichteten Thai-Exportgenehmigungen (Blüte über DTAM/Section 46 + Thai FDA; Extrakte über FDA/ONCB).,Gateway,Regulatory,Thai Exporteur,menschlich,Exportvorhaben → Thai-Export-Permits,"docs/strategie/thailand-gatekeeper-konzept.md §2, §8",Konzept,nein,BELEGT
ST-13,Import-Permit-Handling Deutschland (BfArM),Begleitung der deutschen Einfuhrerlaubnis (§§12/14 MedCanG via BtMAHV; §52a/§72/§13 AMG).,Germany,Regulatory,DE-Importeur/Apotheke,menschlich,Importvorhaben → BfArM-Einfuhrerlaubnis,"docs/strategie/thailand-gatekeeper-konzept.md §2, §8",Konzept,nein,BELEGT
ST-14,Lighthouse-/Anchor-Farm-Blueprint-Replikation,"Vollständige EU-konforme Aufstellung von 1–2 Vorzeige-Farmen als Proof + Vorlage, dann SOP-/Trainings-/Dossier-Pack-Ausrollung.",Gateway,Advisory,Farm/Produzent,menschlich,Anchor-Farm → replizierbarer SOP-/Dossier-Pack,docs/strategie/thailand-gatekeeper-konzept.md §5 (Weg E),Konzept,nein,BELEGT
ST-15,MoU-Zertifizierungspartner (Vorlage/Instrument),"Absichtserklärung mit Zertifizierungspartnern (OneCert/TÜV) zu Rollenabgrenzung, Pilotumfang, Datenfluss, Übergang zur Eigen-Akkreditierung.",übergreifend,Documents,Zertifizierungspartner,menschlich,Partneranbahnung → unterzeichnetes MoU,docs/strategie/vorlagen/mou-zertifizierungspartner-vorlage.md,Konzept,nein,BELEGT
ST-16,MoU-Farm-Onboarding (Vorlage/Instrument),"Absichtserklärung mit Thai-Farmen/Kooperativen zu Liefer-/Qualitätsabsicht, GACP-Verpflichtung, Audit-Zustimmung, Tier-Einstufung.",Gateway,Documents,Farm/Kooperative,menschlich,Farm-Anbahnung → unterzeichnetes Farm-MoU,docs/strategie/vorlagen/mou-farm-onboarding-vorlage.md,Konzept,nein,BELEGT
ST-17,Qualitätssicherungsvereinbarung (QAA) je Schnittstelle,QAA an jeder Schnittstelle Spoke↔Hub↔Importeur zur klaren Verantwortungs-/Haftungszuordnung.,übergreifend,Quality/GxP,Farm/Hub/Importeur,menschlich,Lieferkettenschnittstelle → unterzeichnete QAA,"docs/strategie/wege-a-b-d-f-vertiefung.md (Weg A, Verantwortungs-Schnitt)",Konzept,nein,BELEGT
ST-18,Mass-Balance-/Kapazitätsplanung Hub,Dimensionierung des Hub-Durchsatzes (kg/Monat + Laborkapazität) als reale Obergrenze und Abstimmung der angebundenen Spoke-Menge.,übergreifend,Advisory,Hub-Betreiber/intern,menschlich,Hub-/Saisonsdaten → Mass-Balance-/Kapazitätsplan,"docs/strategie/wege-a-b-d-f-vertiefung.md (Weg A, Mass Balance)",Konzept,nein,BELEGT
CAT-01,GMP Compliance Audit (Katalog-Kernleistung),Strukturierter GMP-Compliance-Audit als Kern-Service-Typ aus dem (verworfenen) Master-Katalog.,AICert,Quality/GxP,Facility/Hersteller,AI-gestützt,Facility → GMP-Audit-Befund,full-service-catalog-final.json CORE/COMP_AUDIT_GMP (verworfener Pricing-Entwurf),Konzept,nein,ANNAHME
CAT-02,GACP Readiness Audit (Katalog-Kernleistung),GACP-Readiness-Audit als Kern-Service-Typ aus dem Master-Katalog.,Gateway,Quality/GxP,Farm,AI-gestützt,Farm → GACP-Readiness-Befund,full-service-catalog-final.json CORE/COMP_GACP_READINESS (verworfener Pricing-Entwurf),Konzept,nein,ANNAHME
CAT-03,Gemini-Facility-Walkthrough-Audit (Katalog),KI-gestützter Facility-Walkthrough-Audit (Gemini 2.5 Pro) als eigenständiger Audit-Service-Typ.,AICert,Trust/Audit,Facility/Auditor,AI-gestützt,Facility-Video/Walkthrough → KI-Audit-Bericht,full-service-catalog-final.json CORE/OPS_FACILITY_WALKTHROUGH,Konzept,nein,ANNAHME
CAT-04,GMP/GACP-Auditor-Zertifizierung (Train-the-Auditor),Ausbildung und Zertifizierung von GMP/GACP-Auditoren als eigenständiger Education-Service.,AICert,Education,Auditor,menschlich,Auditor-Anwärter → Auditor-Zertifikat,full-service-catalog-final.json CORE/TRN_AUDITOR_CERT,Konzept,nein,ANNAHME
CAT-05,Facility-Blueprint-Planung,Anlagen-Blueprint-Planung (mehrere Tiefen/Level) für Cannabis-Cultivation/Processing-Facilities.,Gateway,Facility,Farm/Facility,menschlich,Flächen-/Anforderungsdaten → Facility-Blueprint,full-service-catalog-final.json PLANNING/Blueprint,Konzept,nein,ANNAHME
CAT-06,HVAC-Engineering (Facility),HVAC-/Klima-Planung für Cannabis-Anbau-/Verarbeitungsanlagen.,Gateway,Facility,Farm/Facility,menschlich,Facility-Parameter → HVAC-Auslegung,full-service-catalog-final.json PLANNING/HVAC,Konzept,nein,ANNAHME
CAT-07,Bewässerungs-/Irrigation-Engineering,Bewässerungssystem-Planung für Cannabis-Anbauanlagen.,Gateway,Facility,Farm,menschlich,Anbauparameter → Irrigation-Design,full-service-catalog-final.json PLANNING/Irrigation,Konzept,nein,ANNAHME
CAT-08,Beleuchtungs-/Lighting-Engineering,Beleuchtungsplanung (Lichtspektrum/Layout) für Indoor-Cannabis-Anbau.,Gateway,Facility,Farm,menschlich,Anbauparameter → Lighting-Design,full-service-catalog-final.json PLANNING/Lighting,Konzept,nein,ANNAHME
CAT-09,Facility-Layout-Planung,"Raum-/Flow-Layout-Planung (Material-/Personalfluss, Zonierung) für GMP/GACP-Anlagen.",Gateway,Facility,Farm/Facility,menschlich,Flächendaten → Layout-/Flow-Plan,full-service-catalog-final.json PLANNING/Layout,Konzept,nein,ANNAHME
CAT-10,Drying-/Trocknungs-Prozess-Service,Trocknungs-Prozessgestaltung/-SOP als operativer Post-Harvest-Service-Typ.,Gateway,Cultivation,Farm/Processor,menschlich,Frischernte → standardisierter Trocknungsprozess,full-service-catalog-final.json OPERATIONS/Drying,Konzept,nein,ANNAHME
CAT-11,Trimming-Prozess-Service,Trimming-Prozessgestaltung/-SOP als operativer Post-Harvest-Service-Typ.,Gateway,Cultivation,Farm/Processor,menschlich,Getrocknete Blüte → getrimmtes Produkt + SOP,full-service-catalog-final.json OPERATIONS/Trimming,Konzept,nein,ANNAHME
CAT-12,Extraktions-Prozess-Service,Extraktions-Prozessgestaltung/-SOP für Cannabinoid-Extrakte als operativer Service-Typ.,Gateway,Quality/GxP,Processor/Hersteller,menschlich,Biomasse → Extrakt-Prozess + SOP,full-service-catalog-final.json OPERATIONS/Extraction,Konzept,nein,ANNAHME
CAT-13,Packaging-Prozess-Service,Verpackungs-Prozessgestaltung/-SOP (GMP-konform) als operativer Service-Typ.,Gateway,Logistics,Processor/Hersteller,menschlich,Bulk-Produkt → verpackungsfertiger Prozess + SOP,full-service-catalog-final.json OPERATIONS/Packaging,Konzept,nein,ANNAHME
CAT-14,Waste-Management-Service (Cannabis),Compliance-konforme Abfall-/Entsorgungsprozesse für Cannabis-Produktion als operativer Service-Typ.,Gateway,Regulatory,Farm/Processor,menschlich,Produktionsabfall → konformer Entsorgungsprozess + Nachweis,full-service-catalog-final.json OPERATIONS/Waste Management,Konzept,nein,ANNAHME
CAT-15,Post-Harvest-Management (Gesamtprozess),Ganzheitliche Post-Harvest-Prozesssteuerung (Trocknung→Trimming→Curing→Verpackung) als gebündelter Service-Typ.,Gateway,Cultivation,Farm/Processor,menschlich,Frischernte → marktfertiges Post-Harvest-Produkt,full-service-catalog-final.json OPERATIONS/Post Harvest Management,Konzept,nein,ANNAHME
GE-CUL-01,Farm Self-Audit (Einreichung),Farm Self-Audit (Einreichung) — code-belegter Service im Apothekergateway/Germany-Stack.,Germany,Cultivation,Farm,AI-gestützt,—,supabase/functions/germany-farm-audit-submit; src/pages/dashboard/FarmSelfAudit.tsx; src/hooks/useFarmAuditSubmissions.ts,im-Code,nein,BELEGT
GE-CUL-02,Farm-Audit Freigabe/Entscheidung,Farm-Audit Freigabe/Entscheidung — code-belegter Service im Apothekergateway/Germany-Stack.,Germany,Cultivation,Farm,menschlich,—,supabase/functions/germany-farm-audit-decide; src/pages/dashboard/FarmReview.tsx,im-Code,nein,BELEGT
GE-CUL-03,Farm-Produzenten-Register,Farm-Produzenten-Register — code-belegter Service im Apothekergateway/Germany-Stack.,Gateway,Cultivation,Farm,automatisiert,—,src/hooks/useFarmProducers.ts (thailand-farm-producers),im-Code,nein,BELEGT
GE-CUL-04,Farm-Workspace,Farm-Workspace — code-belegter Service im Apothekergateway/Germany-Stack.,Germany,Cultivation,Farm,automatisiert,—,src/hooks/useFarmWorkspace.ts; src/lib/farm-workspace,im-Code,nein,BELEGT
GE-CUL-05,Farm-Dashboard,Farm-Dashboard — code-belegter Service im Apothekergateway/Germany-Stack.,Germany,Cultivation,Farm,automatisiert,—,src/hooks/useFarmDashboard.ts,im-Code,nein,BELEGT
GE-CUL-06,Farm-Onboarding,Farm-Onboarding — code-belegter Service im Apothekergateway/Germany-Stack.,Germany,Cultivation,Farm,automatisiert,—,src/lib/farm-onboarding.ts,im-Code,nein,BELEGT
GE-QUA-01,Batch-Verwaltung (Master),Batch-Verwaltung (Master) — code-belegter Service im Apothekergateway/Germany-Stack.,Germany,Quality/GxP,Farm/Hersteller,automatisiert,—,src/hooks/useBatches.ts (germany-batches); src/pages/dashboard/Batches.tsx,im-Code,nein,BELEGT
GE-QUA-02,Batch-Verifizierung,Batch-Verifizierung — code-belegter Service im Apothekergateway/Germany-Stack.,Germany,Quality/GxP,Farm/Hersteller,AI-gestützt,—,supabase/functions/germany-batch-verify; src/pages/dashboard/BatchVerification.tsx; src/hooks/useBatchVerifications.ts,im-Code,nein,BELEGT
GE-QUA-03,Batch-Provenance/Herkunftslinks,Batch-Provenance/Herkunftslinks — code-belegter Service im Apothekergateway/Germany-Stack.,Marketplace,Quality/GxP,Farm/Hersteller,automatisiert,—,src/hooks/useBatchProvenanceLinks.ts; src/lib/marketplace-provenance.ts,im-Code,nein,BELEGT
GE-QUA-04,CoA-Parsing (LIMS),CoA-Parsing (LIMS) — code-belegter Service im Apothekergateway/Germany-Stack.,Germany,Quality/GxP,Farm/Hersteller,AI-gestützt,—,supabase/functions/germany-coa-parse; src/lib/lims-api.ts (parseCoA),im-Code,nein,BELEGT
GE-QUA-05,QP-Release,QP-Release — code-belegter Service im Apothekergateway/Germany-Stack.,Germany,Quality/GxP,Farm/Hersteller,menschlich,—,src/lib/lims-api.ts (requestQpRelease); src/hooks/use-qp-release.ts; src/pages/dashboard/QPRelease.tsx,im-Code,nein,BELEGT
GE-QUA-06,Annex-16-Checkliste,Annex-16-Checkliste — code-belegter Service im Apothekergateway/Germany-Stack.,Germany,Quality/GxP,Farm/Hersteller,automatisiert,—,src/lib/annex16-checklist.ts,im-Code,nein,BELEGT
GE-QUA-07,Pre-Audit Gap-Report,Pre-Audit Gap-Report — code-belegter Service im Apothekergateway/Germany-Stack.,AICert,Quality/GxP,Farm/Hersteller,AI-gestützt,—,src/lib/pre-audit-gap-generator.ts (generatePreAuditReport),im-Code,nein,BELEGT
GE-QUA-08,Batch-Compliance-Pruefung,Batch-Compliance-Pruefung — code-belegter Service im Apothekergateway/Germany-Stack.,Germany,Quality/GxP,Farm/Hersteller,automatisiert,—,src/lib/regulatory-requirements.ts (checkBatchCompliance); src/pages/dashboard/Compliance.tsx,im-Code,nein,BELEGT
GE-QUA-09,Facility-Compliance-Pruefung,Facility-Compliance-Pruefung — code-belegter Service im Apothekergateway/Germany-Stack.,Germany,Quality/GxP,Farm/Hersteller,automatisiert,—,src/lib/facility-compliance-rules.ts (runComplianceCheck),im-Code,nein,BELEGT
GE-TRU-01,Audit Passport,Audit Passport — code-belegter Service im Apothekergateway/Germany-Stack.,AICert,Trust/Audit,Auditor/Facility,automatisiert,—,src/pages/dashboard/AuditPassport.tsx; src/lib/audit-status-api.ts,im-Code,nein,BELEGT
GE-TRU-02,Audit-Logging,Audit-Logging — code-belegter Service im Apothekergateway/Germany-Stack.,übergreifend,Trust/Audit,Auditor/Facility,automatisiert,—,src/lib/audit-logger.ts,im-Code,nein,BELEGT
GE-TRU-03,Realtime-Audit,Realtime-Audit — code-belegter Service im Apothekergateway/Germany-Stack.,übergreifend,Trust/Audit,Auditor/Facility,automatisiert,—,src/hooks/useRealtimeAudit.ts,im-Code,nein,BELEGT
GE-TRU-04,Dokumenten-Integritaets-Scan,Dokumenten-Integritaets-Scan — code-belegter Service im Apothekergateway/Germany-Stack.,Germany,Trust/Audit,Auditor/Facility,AI-gestützt,—,src/lib/document-integrity.ts (scanDocuments); src/lib/integrity-api.ts,im-Code,nein,BELEGT
GE-TRU-05,Post-Quantum Audit-Chain (Dilithium/Kyber),Post-Quantum Audit-Chain (Dilithium/Kyber) — code-belegter Service im Apothekergateway/Germany-Stack.,übergreifend,Trust/Audit,Auditor/Facility,automatisiert,—,src/lib/quantum-crypto.ts (chainedAuditHash; verifyAuditChain; signWithDilithium),im-Code,nein,BELEGT
GE-TRU-06,Zertifikats-Verifizierung,Zertifikats-Verifizierung — code-belegter Service im Apothekergateway/Germany-Stack.,AICert/Marketplace,Trust/Audit,Auditor/Facility,automatisiert,—,src/lib/audit-status-api.ts (verifyCertificate); vendor/.../marketplace-api.ts (verifyCertificateViaMarketplace); src/hooks/use-certificates.ts,im-Code,nein,BELEGT
GE-TRU-07,AICert-Scan,AICert-Scan — code-belegter Service im Apothekergateway/Germany-Stack.,AICert,Trust/Audit,Auditor/Facility,AI-gestützt,—,vendor/cannaworld-sdk/src/regulatory-api.ts (triggerAiCertScan),im-Code,nein,BELEGT
GE-TRU-08,Universe-/Company-Compliance-Stats,Universe-/Company-Compliance-Stats — code-belegter Service im Apothekergateway/Germany-Stack.,übergreifend,Trust/Audit,Auditor/Facility,automatisiert,—,src/lib/audit-status-api.ts (getUniverseStats; getCompanyCompliance),im-Code,nein,BELEGT
GE-REG-01,Regulatorische Anforderungen/Cert-Hierarchie,Regulatorische Anforderungen/Cert-Hierarchie — code-belegter Service im Apothekergateway/Germany-Stack.,Germany,Regulatory,Exporteur/Importeur,automatisiert,—,src/lib/regulatory-requirements.ts (CERT_HIERARCHY; certMeetsRequirement),im-Code,nein,BELEGT
GE-REG-02,Regulatory AI-Scan,Regulatory AI-Scan — code-belegter Service im Apothekergateway/Germany-Stack.,AICert,Regulatory,Exporteur/Importeur,AI-gestützt,—,vendor/cannaworld-sdk/src/regulatory-api.ts (runRegulatoryAiScan),im-Code,nein,BELEGT
GE-REG-03,Regulatory Updates/Alerts,Regulatory Updates/Alerts — code-belegter Service im Apothekergateway/Germany-Stack.,Europe,Regulatory,Exporteur/Importeur,AI-gestützt,—,vendor/.../regulatory-api.ts (getRegulatoryUpdates; aggregateRegulatoryUpdates; syncRegulatoryAlert),im-Code,nein,BELEGT
GE-REG-04,Target-Market-Analyse,Target-Market-Analyse — code-belegter Service im Apothekergateway/Germany-Stack.,Europe,Regulatory,Exporteur/Importeur,AI-gestützt,—,vendor/.../target-market-api.ts (analyzeTargetMarkets); src/lib/market-data.ts (KEY_MARKETS),im-Code,nein,BELEGT
GE-REG-05,Regulatory-Modul (DE/EU),Regulatory-Modul (DE/EU) — code-belegter Service im Apothekergateway/Germany-Stack.,Germany/Europe,Regulatory,Exporteur/Importeur,automatisiert,—,src/pages/dashboard/Regulatory.tsx,im-Code,nein,BELEGT
GE-REG-06,BtM-Lizenz-Verifizierung,BtM-Lizenz-Verifizierung — code-belegter Service im Apothekergateway/Germany-Stack.,Germany,Regulatory,Exporteur/Importeur,AI-gestützt,—,supabase/functions/germany-btm-license-verify,im-Code,nein,BELEGT
GE-REG-07,BtM-Rezepte,BtM-Rezepte — code-belegter Service im Apothekergateway/Germany-Stack.,Germany,Regulatory,Exporteur/Importeur,automatisiert,—,src/pages/dashboard/BtmPrescriptions.tsx,im-Code,nein,BELEGT
GE-MKT-01,Marketplace Listings/Batches,Marketplace Listings/Batches — code-belegter Service im Apothekergateway/Germany-Stack.,Marketplace,Trade,Exporteur/Importeur,automatisiert,—,vendor/.../marketplace-api.ts (listMarketplaceBatches; getMarketplaceBatch); src/pages/dashboard/Marketplace.tsx,im-Code,nein,BELEGT
GE-MKT-02,Marketplace Orders,Marketplace Orders — code-belegter Service im Apothekergateway/Germany-Stack.,Marketplace,Trade,Exporteur/Importeur,automatisiert,—,vendor/.../marketplace-api.ts (createMarketplaceOrder; updateMarketplaceOrder),im-Code,nein,BELEGT
GE-MKT-03,Marketplace Stats/Health,Marketplace Stats/Health — code-belegter Service im Apothekergateway/Germany-Stack.,Marketplace,Trade,Exporteur/Importeur,automatisiert,—,vendor/.../marketplace-api.ts (getMarketplaceStats; checkMarketplaceHealth),im-Code,nein,BELEGT
GE-MKT-04,Marketplace-Scan,Marketplace-Scan — code-belegter Service im Apothekergateway/Germany-Stack.,AICert/Marketplace,Trade,Exporteur/Importeur,AI-gestützt,—,vendor/.../regulatory-api.ts (triggerMarketplaceScan),im-Code,nein,BELEGT
GE-MKT-05,Sample-Requests,Sample-Requests — code-belegter Service im Apothekergateway/Germany-Stack.,Germany,Trade,Exporteur/Importeur,automatisiert,—,supabase/functions/germany-sample-request(+-status); src/hooks/useSampleRequests.ts; src/pages/dashboard/SampleRequests.tsx,im-Code,nein,BELEGT
GE-MKT-06,Trade Cases,Trade Cases — code-belegter Service im Apothekergateway/Germany-Stack.,Gateway,Trade,Exporteur/Importeur,automatisiert,—,src/pages/dashboard/TradeCases.tsx; src/lib/logistics-sync.ts (syncTradeCaseStatusChange),im-Code,nein,BELEGT
GE-MKT-07,Supplier-Verwaltung,Supplier-Verwaltung — code-belegter Service im Apothekergateway/Germany-Stack.,Gateway,Trade,Exporteur/Importeur,automatisiert,—,src/hooks/use-suppliers.ts; src/pages/dashboard/Suppliers.tsx,im-Code,nein,BELEGT
GE-LOG-01,Logistik-Modul,Logistik-Modul — code-belegter Service im Apothekergateway/Germany-Stack.,Germany,Logistics,Exporteur/Spediteur,automatisiert,—,src/pages/dashboard/Logistics.tsx,im-Code,nein,BELEGT
GE-LOG-02,Shipment-Status-Sync,Shipment-Status-Sync — code-belegter Service im Apothekergateway/Germany-Stack.,übergreifend,Logistics,Exporteur/Spediteur,automatisiert,—,src/lib/logistics-sync.ts (syncShipmentStatusChange),im-Code,nein,BELEGT
GE-LOG-03,Customs/Zoll-Sync,Customs/Zoll-Sync — code-belegter Service im Apothekergateway/Germany-Stack.,übergreifend,Logistics,Exporteur/Spediteur,automatisiert,—,src/lib/logistics-sync.ts (syncCustomsStatusChange),im-Code,nein,BELEGT
GE-LOG-04,Warehouse/Inventory,Warehouse/Inventory — code-belegter Service im Apothekergateway/Germany-Stack.,Germany,Logistics,Exporteur/Spediteur,automatisiert,—,src/hooks/useInventory.ts (germany-inventory); src/pages/dashboard/Warehouse.tsx,im-Code,nein,BELEGT
GE-DOC-01,Document Vault,Document Vault — code-belegter Service im Apothekergateway/Germany-Stack.,Germany,Documents,Kunde/Partner,automatisiert,—,src/hooks/useDocuments.ts (germany-documents); src/pages/dashboard/Documents.tsx,im-Code,nein,BELEGT
GE-DOC-02,Document AI,Document AI — code-belegter Service im Apothekergateway/Germany-Stack.,Germany,Documents,Kunde/Partner,AI-gestützt,—,src/hooks/useDocumentAI.ts,im-Code,nein,BELEGT
GE-PHA-01,Apotheken-Import (Managed/Direct),Apotheken-Import (Managed/Direct) — code-belegter Service im Apothekergateway/Germany-Stack.,Germany,Pharmacy,Apotheke,automatisiert,—,src/pages/dashboard/PharmacyImport.tsx,im-Code,nein,BELEGT
GE-PHA-02,Apotheken-Wareneingang,Apotheken-Wareneingang — code-belegter Service im Apothekergateway/Germany-Stack.,Germany,Pharmacy,Apotheke,automatisiert,—,src/pages/dashboard/PharmacyReceive.tsx,im-Code,nein,BELEGT
GE-PHA-03,Apotheken-Abgabe,Apotheken-Abgabe — code-belegter Service im Apothekergateway/Germany-Stack.,Germany,Pharmacy,Apotheke,automatisiert,—,src/pages/dashboard/PharmacyDispense.tsx,im-Code,nein,BELEGT
GE-FAC-01,Facility-Planner (Plaene/Zonen/Verbindungen),Facility-Planner (Plaene/Zonen/Verbindungen) — code-belegter Service im Apothekergateway/Germany-Stack.,AICert,Facility,Farm/Facility,automatisiert,—,src/hooks/use-facility-plans.ts; src/lib/facility-planner-models.ts,im-Code,nein,BELEGT
GE-FAC-02,Facility-Blueprint-Templates,Facility-Blueprint-Templates — code-belegter Service im Apothekergateway/Germany-Stack.,AICert,Facility,Farm/Facility,automatisiert,—,src/lib/facility-blueprint-templates.ts,im-Code,nein,BELEGT
GE-FAC-03,Facility-Plan Export,Facility-Plan Export — code-belegter Service im Apothekergateway/Germany-Stack.,AICert,Facility,Farm/Facility,automatisiert,—,src/lib/export-facility-plan.ts,im-Code,nein,BELEGT
GE-FAC-04,Facility-Plan Import,Facility-Plan Import — code-belegter Service im Apothekergateway/Germany-Stack.,AICert,Facility,Farm/Facility,automatisiert,—,src/lib/facility-import-utils.ts,im-Code,nein,BELEGT
GE-FAC-05,Facilities-Register,Facilities-Register — code-belegter Service im Apothekergateway/Germany-Stack.,Germany,Facility,Farm/Facility,automatisiert,—,src/hooks/use-facilities.ts (facilities),im-Code,nein,BELEGT
GE-EDU-01,Classroom-Sessions (geplant/live),Classroom-Sessions (geplant/live) — code-belegter Service im Apothekergateway/Germany-Stack.,übergreifend,Education,Mitarbeiter/Auditor,automatisiert,—,src/hooks/use-sessions.ts (ClassroomSession; SessionStatus),im-Code,nein,BELEGT
GE-EDU-02,Session-Chat,Session-Chat — code-belegter Service im Apothekergateway/Germany-Stack.,übergreifend,Education,Mitarbeiter/Auditor,automatisiert,—,src/hooks/use-session-chat.ts,im-Code,nein,BELEGT
GE-EDU-03,Session-Notizen,Session-Notizen — code-belegter Service im Apothekergateway/Germany-Stack.,übergreifend,Education,Mitarbeiter/Auditor,automatisiert,—,src/hooks/use-session-notes.ts,im-Code,nein,BELEGT
GE-EDU-04,Classroom-AI (Transkript),Classroom-AI (Transkript) — code-belegter Service im Apothekergateway/Germany-Stack.,übergreifend,Education,Mitarbeiter/Auditor,AI-gestützt,—,src/hooks/use-classroom-ai.ts (TranscriptSegment),im-Code,nein,BELEGT
GE-EDU-05,Live-Uebersetzung,Live-Uebersetzung — code-belegter Service im Apothekergateway/Germany-Stack.,übergreifend,Education,Mitarbeiter/Auditor,AI-gestützt,—,src/hooks/use-live-translation.ts,im-Code,nein,BELEGT
GE-EDU-06,Native Speech/TTS,Native Speech/TTS — code-belegter Service im Apothekergateway/Germany-Stack.,übergreifend,Education,Mitarbeiter/Auditor,AI-gestützt,—,src/hooks/use-native-speech.ts; src/lib/speech.ts,im-Code,nein,BELEGT
GE-EDU-07,Guidance-Level (Read-Aloud/Barrierearm),Guidance-Level (Read-Aloud/Barrierearm) — code-belegter Service im Apothekergateway/Germany-Stack.,Germany,Education,Mitarbeiter/Auditor,automatisiert,—,src/hooks/useGuidanceLevel.ts; src/lib/guidance-level.ts,im-Code,nein,BELEGT
GE-SUP-01,Support-Inbox (Konversationen),Support-Inbox (Konversationen) — code-belegter Service im Apothekergateway/Germany-Stack.,Germany,Support/BackOffice,intern/Kunde,automatisiert,—,src/hooks/useSupportConversations.ts; src/pages/dashboard/SupportInbox.tsx,im-Code,nein,BELEGT
GE-SUP-02,Support Inbound (Codex-Bruecke),Support Inbound (Codex-Bruecke) — code-belegter Service im Apothekergateway/Germany-Stack.,Germany,Support/BackOffice,intern/Kunde,automatisiert,—,supabase/functions/germany-support-inbound,im-Code,nein,BELEGT
GE-SUP-03,Support Outbound (+Ack),Support Outbound (+Ack) — code-belegter Service im Apothekergateway/Germany-Stack.,Germany,Support/BackOffice,intern/Kunde,automatisiert,—,supabase/functions/germany-support-outbound(+-ack),im-Code,nein,BELEGT
GE-SUP-04,Support-Reply,Support-Reply — code-belegter Service im Apothekergateway/Germany-Stack.,Germany,Support/BackOffice,intern/Kunde,menschlich,—,supabase/functions/germany-support-reply,im-Code,nein,BELEGT
GE-SUP-05,Support-Zuweisung,Support-Zuweisung — code-belegter Service im Apothekergateway/Germany-Stack.,Germany,Support/BackOffice,intern/Kunde,menschlich,—,supabase/functions/germany-support-assign; src/hooks/useStaffRoles.ts,im-Code,nein,BELEGT
GE-SUP-06,Support-Triage (AI),Support-Triage (AI) — code-belegter Service im Apothekergateway/Germany-Stack.,Germany,Support/BackOffice,intern/Kunde,AI-gestützt,—,supabase/functions/germany-support-triage; src/lib/triage-rules.ts,im-Code,nein,BELEGT
GE-SUP-07,Eskalation,Eskalation — code-belegter Service im Apothekergateway/Germany-Stack.,Germany,Support/BackOffice,intern/Kunde,automatisiert,—,src/lib/escalation.ts,im-Code,nein,BELEGT
GE-SUP-08,Staff-Rollen-Verwaltung,Staff-Rollen-Verwaltung — code-belegter Service im Apothekergateway/Germany-Stack.,Germany,Support/BackOffice,intern/Kunde,menschlich,—,supabase/functions/germany-staff-role; src/lib/staff-api.ts; src/pages/dashboard/AdminConsole.tsx,im-Code,nein,BELEGT
GE-PLT-01,Auth/Session,Auth/Session — code-belegter Service im Apothekergateway/Germany-Stack.,übergreifend,Platform/Identity,alle Rollen,automatisiert,—,src/hooks/useAuth.tsx,im-Code,nein,BELEGT
GE-PLT-02,Rollen/RBAC,Rollen/RBAC — code-belegter Service im Apothekergateway/Germany-Stack.,übergreifend,Platform/Identity,alle Rollen,automatisiert,—,src/hooks/useUserRoles.ts; src/hooks/useHasRole.ts; src/components/RoleGuard.tsx,im-Code,nein,BELEGT
GE-PLT-03,Cross-Login (SSO ueber Verticals),Cross-Login (SSO ueber Verticals) — code-belegter Service im Apothekergateway/Germany-Stack.,übergreifend,Platform/Identity,alle Rollen,automatisiert,—,src/lib/cross-login-api.ts; src/components/UniverseBar.tsx (cross-login),im-Code,nein,BELEGT
GE-PLT-04,Cross-Platform-Sync,Cross-Platform-Sync — code-belegter Service im Apothekergateway/Germany-Stack.,übergreifend,Platform/Identity,alle Rollen,automatisiert,—,src/hooks/useCrossPlatformSync.ts; vendor/.../marketplace-api.ts (complianceSync; auditSync; notifySync; regulatorySync),im-Code,nein,BELEGT
GE-PLT-05,Benachrichtigungen,Benachrichtigungen — code-belegter Service im Apothekergateway/Germany-Stack.,Germany,Platform/Identity,alle Rollen,automatisiert,—,src/hooks/useNotifications.ts,im-Code,nein,BELEGT
GE-PLT-06,Presence,Presence — code-belegter Service im Apothekergateway/Germany-Stack.,übergreifend,Platform/Identity,alle Rollen,automatisiert,—,src/hooks/usePresence.ts,im-Code,nein,BELEGT
GE-PLT-07,Dashboard-Stats,Dashboard-Stats — code-belegter Service im Apothekergateway/Germany-Stack.,Germany,Platform/Identity,alle Rollen,automatisiert,—,src/hooks/useDashboardStats.ts; src/pages/dashboard/Overview.tsx,im-Code,nein,BELEGT
GE-PLT-08,Analytics,Analytics — code-belegter Service im Apothekergateway/Germany-Stack.,AICert,Platform/Identity,alle Rollen,automatisiert,—,src/pages/dashboard/Analytics.tsx,im-Code,nein,BELEGT
GE-PLT-09,Onboarding (Rollen-Wizard),Onboarding (Rollen-Wizard) — code-belegter Service im Apothekergateway/Germany-Stack.,Germany,Platform/Identity,alle Rollen,automatisiert,—,src/hooks/useRoleOnboarding.ts; src/hooks/useOnboardingGate.ts; src/pages/dashboard/Onboarding.tsx,im-Code,nein,BELEGT
GE-PLT-10,Exporter-Onboarding,Exporter-Onboarding — code-belegter Service im Apothekergateway/Germany-Stack.,Gateway,Platform/Identity,alle Rollen,automatisiert,—,src/hooks/useExporterOnboarding.ts,im-Code,nein,BELEGT
GE-PLT-11,E-Mail-Benachrichtigung,E-Mail-Benachrichtigung — code-belegter Service im Apothekergateway/Germany-Stack.,Germany,Platform/Identity,alle Rollen,automatisiert,—,src/lib/email-notify.ts; src/lib/notify-email.ts,im-Code,nein,BELEGT
GE-PLT-12,Webhook-Events,Webhook-Events — code-belegter Service im Apothekergateway/Germany-Stack.,übergreifend,Platform/Identity,alle Rollen,automatisiert,—,src/lib/webhook-events.ts,im-Code,nein,BELEGT
GE-BIL-01,Abo-Billing (Stripe) Testzugang/GMP/Enterprise,Abo-Billing (Stripe) Testzugang/GMP/Enterprise — code-belegter Service im Apothekergateway/Germany-Stack.,übergreifend,Billing,Kunde,automatisiert,—,src/lib/billing-api.ts (PLANS: Testzugang EUR0->499 / GMP EUR499 / Enterprise EUR1199; createCheckout; checkSubscription),live,nein,BELEGT
GE-BIL-02,Rechnungsstellung/Invoicing,Rechnungsstellung/Invoicing — code-belegter Service im Apothekergateway/Germany-Stack.,übergreifend,Billing,Kunde,automatisiert,—,src/lib/billing-api.ts (createInvoice; sendInvoice; markInvoicePaid; listInvoices),im-Code,nein,BELEGT
